solid OpenSCAD_Model
  facet normal 0.866019 0 -0.500011
    outer loop
      vertex 40.8 -12 19
      vertex 40.5 2 18.4804
      vertex 40.8 2 19
    endloop
  endfacet
  facet normal 0.866019 0 -0.500011
    outer loop
      vertex 40.5 2 18.4804
      vertex 40.8 -12 19
      vertex 40.5 -12 18.4804
    endloop
  endfacet
  facet normal 0 1 0
    outer loop
      vertex 40.8 2 19
      vertex 40.2 2 19.5196
      vertex 40.5 2 19.5196
    endloop
  endfacet
  facet normal 0 1 0
    outer loop
      vertex 40.2 2 19.5196
      vertex 40.8 2 19
      vertex 40.2 2 18.4804
    endloop
  endfacet
  facet normal -0 1 0
    outer loop
      vertex 39.6 2 19
      vertex 40.2 2 19.5196
      vertex 40.2 2 18.4804
    endloop
  endfacet
  facet normal 0 1 0
    outer loop
      vertex 40.2 2 18.4804
      vertex 40.8 2 19
      vertex 40.5 2 18.4804
    endloop
  endfacet
  facet normal 0 1 0
    outer loop
      vertex 40.2 2 19.5196
      vertex 39.6 2 19
      vertex 39.9 2 19.5196
    endloop
  endfacet
  facet normal 0 1 0
    outer loop
      vertex 39.6 2 19
      vertex 40.2 2 18.4804
      vertex 39.9 2 18.4804
    endloop
  endfacet
  facet normal -0.866019 0 0.500011
    outer loop
      vertex 39.6 2 19
      vertex 39.9 1.875 19.5196
      vertex 39.9 2 19.5196
    endloop
  endfacet
  facet normal -0.866019 0 0.500011
    outer loop
      vertex 39.9 1.875 19.5196
      vertex 39.6 2 19
      vertex 39.6 1.75 19
    endloop
  endfacet
  facet normal -0.866019 0 0.500011
    outer loop
      vertex 39.6 -12 19
      vertex 39.9 -11.875 19.5196
      vertex 39.6 -11.75 19
    endloop
  endfacet
  facet normal -0.866019 0 0.500011
    outer loop
      vertex 39.9 -11.875 19.5196
      vertex 39.6 -12 19
      vertex 39.9 -12 19.5196
    endloop
  endfacet
  facet normal -0 0 1
    outer loop
      vertex 40.2 2 19.5196
      vertex 40.5 -12 19.5196
      vertex 40.5 2 19.5196
    endloop
  endfacet
  facet normal 0 0 1
    outer loop
      vertex 40.5 -12 19.5196
      vertex 40.2 2 19.5196
      vertex 40.2 -12 19.5196
    endloop
  endfacet
  facet normal 0 0 1
    outer loop
      vertex 40.2 2 19.5196
      vertex 39.9 2 19.5196
      vertex 39.9 1.875 19.5196
    endloop
  endfacet
  facet normal 0 0 1
    outer loop
      vertex 40.2 -12 19.5196
      vertex 39.9 -11.875 19.5196
      vertex 39.9 -12 19.5196
    endloop
  endfacet
  facet normal -0.866019 0 -0.500011
    outer loop
      vertex 39.9 1.875 18.4804
      vertex 39.6 2 19
      vertex 39.9 2 18.4804
    endloop
  endfacet
  facet normal -0.866019 -0 -0.500011
    outer loop
      vertex 39.6 2 19
      vertex 39.9 1.875 18.4804
      vertex 39.6 1.75 19
    endloop
  endfacet
  facet normal -0.866019 0 -0.500011
    outer loop
      vertex 39.6 -12 19
      vertex 39.9 -11.875 18.4804
      vertex 39.9 -12 18.4804
    endloop
  endfacet
  facet normal -0.866019 0 -0.500011
    outer loop
      vertex 39.9 -11.875 18.4804
      vertex 39.6 -12 19
      vertex 39.6 -11.75 19
    endloop
  endfacet
  facet normal 0 -1 0
    outer loop
      vertex 39.6 -12 19
      vertex 40.2 -12 19.5196
      vertex 39.9 -12 19.5196
    endloop
  endfacet
  facet normal 0 -1 -0
    outer loop
      vertex 40.2 -12 19.5196
      vertex 39.6 -12 19
      vertex 40.2 -12 18.4804
    endloop
  endfacet
  facet normal -0 -1 0
    outer loop
      vertex 40.8 -12 19
      vertex 40.2 -12 19.5196
      vertex 40.2 -12 18.4804
    endloop
  endfacet
  facet normal 0 -1 0
    outer loop
      vertex 40.2 -12 18.4804
      vertex 39.6 -12 19
      vertex 39.9 -12 18.4804
    endloop
  endfacet
  facet normal 0 -1 0
    outer loop
      vertex 40.2 -12 19.5196
      vertex 40.8 -12 19
      vertex 40.5 -12 19.5196
    endloop
  endfacet
  facet normal 0 -1 0
    outer loop
      vertex 40.8 -12 19
      vertex 40.2 -12 18.4804
      vertex 40.5 -12 18.4804
    endloop
  endfacet
  facet normal 0 0 -1
    outer loop
      vertex 39.9 1.875 18.4804
      vertex 39.9 2 18.4804
      vertex 40.2 2 18.4804
    endloop
  endfacet
  facet normal 0 0 -1
    outer loop
      vertex 39.9 -12 18.4804
      vertex 39.9 -11.875 18.4804
      vertex 40.2 -12 18.4804
    endloop
  endfacet
  facet normal 0 0 -1
    outer loop
      vertex 40.2 -12 18.4804
      vertex 40.5 2 18.4804
      vertex 40.5 -12 18.4804
    endloop
  endfacet
  facet normal -0 0 -1
    outer loop
      vertex 40.5 2 18.4804
      vertex 40.2 -12 18.4804
      vertex 40.2 2 18.4804
    endloop
  endfacet
  facet normal 0.866019 -0 0.500011
    outer loop
      vertex 40.5 -12 19.5196
      vertex 40.8 2 19
      vertex 40.5 2 19.5196
    endloop
  endfacet
  facet normal 0.866019 0 0.500011
    outer loop
      vertex 40.8 2 19
      vertex 40.5 -12 19.5196
      vertex 40.8 -12 19
    endloop
  endfacet
  facet normal 0.866019 0 -0.500011
    outer loop
      vertex 40.8 -12 14
      vertex 40.5 2 13.4804
      vertex 40.8 2 14
    endloop
  endfacet
  facet normal 0.866019 0 -0.500011
    outer loop
      vertex 40.5 2 13.4804
      vertex 40.8 -12 14
      vertex 40.5 -12 13.4804
    endloop
  endfacet
  facet normal 0 1 0
    outer loop
      vertex 40.8 2 14
      vertex 40.2 2 14.5196
      vertex 40.5 2 14.5196
    endloop
  endfacet
  facet normal 0 1 0
    outer loop
      vertex 40.2 2 14.5196
      vertex 40.8 2 14
      vertex 40.2 2 13.4804
    endloop
  endfacet
  facet normal -0 1 0
    outer loop
      vertex 39.6 2 14
      vertex 40.2 2 14.5196
      vertex 40.2 2 13.4804
    endloop
  endfacet
  facet normal 0 1 0
    outer loop
      vertex 40.2 2 13.4804
      vertex 40.8 2 14
      vertex 40.5 2 13.4804
    endloop
  endfacet
  facet normal 0 1 0
    outer loop
      vertex 40.2 2 14.5196
      vertex 39.6 2 14
      vertex 39.9 2 14.5196
    endloop
  endfacet
  facet normal 0 1 0
    outer loop
      vertex 39.6 2 14
      vertex 40.2 2 13.4804
      vertex 39.9 2 13.4804
    endloop
  endfacet
  facet normal -0.866019 0 0.500011
    outer loop
      vertex 39.6 2 14
      vertex 39.9 1.875 14.5196
      vertex 39.9 2 14.5196
    endloop
  endfacet
  facet normal -0.866019 0 0.500011
    outer loop
      vertex 39.9 1.875 14.5196
      vertex 39.6 2 14
      vertex 39.6 1.75 14
    endloop
  endfacet
  facet normal -0.866019 0 0.500011
    outer loop
      vertex 39.6 -12 14
      vertex 39.9 -11.875 14.5196
      vertex 39.6 -11.75 14
    endloop
  endfacet
  facet normal -0.866019 0 0.500011
    outer loop
      vertex 39.9 -11.875 14.5196
      vertex 39.6 -12 14
      vertex 39.9 -12 14.5196
    endloop
  endfacet
  facet normal 0.866019 -0 0.500011
    outer loop
      vertex 40.5 -12 14.5196
      vertex 40.8 2 14
      vertex 40.5 2 14.5196
    endloop
  endfacet
  facet normal 0.866019 0 0.500011
    outer loop
      vertex 40.8 2 14
      vertex 40.5 -12 14.5196
      vertex 40.8 -12 14
    endloop
  endfacet
  facet normal -0 0 1
    outer loop
      vertex 40.2 2 14.5196
      vertex 40.5 -12 14.5196
      vertex 40.5 2 14.5196
    endloop
  endfacet
  facet normal 0 0 1
    outer loop
      vertex 40.5 -12 14.5196
      vertex 40.2 2 14.5196
      vertex 40.2 -12 14.5196
    endloop
  endfacet
  facet normal 0 0 1
    outer loop
      vertex 40.2 2 14.5196
      vertex 39.9 2 14.5196
      vertex 39.9 1.875 14.5196
    endloop
  endfacet
  facet normal 0 0 1
    outer loop
      vertex 40.2 -12 14.5196
      vertex 39.9 -11.875 14.5196
      vertex 39.9 -12 14.5196
    endloop
  endfacet
  facet normal -0.866019 0 -0.500011
    outer loop
      vertex 39.9 1.875 13.4804
      vertex 39.6 2 14
      vertex 39.9 2 13.4804
    endloop
  endfacet
  facet normal -0.866019 -0 -0.500011
    outer loop
      vertex 39.6 2 14
      vertex 39.9 1.875 13.4804
      vertex 39.6 1.75 14
    endloop
  endfacet
  facet normal -0.866019 0 -0.500011
    outer loop
      vertex 39.6 -12 14
      vertex 39.9 -11.875 13.4804
      vertex 39.9 -12 13.4804
    endloop
  endfacet
  facet normal -0.866019 0 -0.500011
    outer loop
      vertex 39.9 -11.875 13.4804
      vertex 39.6 -12 14
      vertex 39.6 -11.75 14
    endloop
  endfacet
  facet normal 0 -1 0
    outer loop
      vertex 39.6 -12 14
      vertex 40.2 -12 14.5196
      vertex 39.9 -12 14.5196
    endloop
  endfacet
  facet normal 0 -1 -0
    outer loop
      vertex 40.2 -12 14.5196
      vertex 39.6 -12 14
      vertex 40.2 -12 13.4804
    endloop
  endfacet
  facet normal -0 -1 0
    outer loop
      vertex 40.8 -12 14
      vertex 40.2 -12 14.5196
      vertex 40.2 -12 13.4804
    endloop
  endfacet
  facet normal 0 -1 0
    outer loop
      vertex 40.2 -12 13.4804
      vertex 39.6 -12 14
      vertex 39.9 -12 13.4804
    endloop
  endfacet
  facet normal 0 -1 0
    outer loop
      vertex 40.2 -12 14.5196
      vertex 40.8 -12 14
      vertex 40.5 -12 14.5196
    endloop
  endfacet
  facet normal 0 -1 0
    outer loop
      vertex 40.8 -12 14
      vertex 40.2 -12 13.4804
      vertex 40.5 -12 13.4804
    endloop
  endfacet
  facet normal 0 0 -1
    outer loop
      vertex 39.9 1.875 13.4804
      vertex 39.9 2 13.4804
      vertex 40.2 2 13.4804
    endloop
  endfacet
  facet normal 0 0 -1
    outer loop
      vertex 39.9 -12 13.4804
      vertex 39.9 -11.875 13.4804
      vertex 40.2 -12 13.4804
    endloop
  endfacet
  facet normal 0 0 -1
    outer loop
      vertex 40.2 -12 13.4804
      vertex 40.5 2 13.4804
      vertex 40.5 -12 13.4804
    endloop
  endfacet
  facet normal -0 0 -1
    outer loop
      vertex 40.5 2 13.4804
      vertex 40.2 -12 13.4804
      vertex 40.2 2 13.4804
    endloop
  endfacet
  facet normal 0.866027 0 -0.499997
    outer loop
      vertex 40.8 -12 9
      vertex 40.5 2 8.48038
      vertex 40.8 2 9
    endloop
  endfacet
  facet normal 0.866027 0 -0.499997
    outer loop
      vertex 40.5 2 8.48038
      vertex 40.8 -12 9
      vertex 40.5 -12 8.48038
    endloop
  endfacet
  facet normal 0 1 0
    outer loop
      vertex 40.8 2 9
      vertex 40.2 2 9.51962
      vertex 40.5 2 9.51962
    endloop
  endfacet
  facet normal 0 1 0
    outer loop
      vertex 40.2 2 9.51962
      vertex 40.8 2 9
      vertex 40.2 2 8.48038
    endloop
  endfacet
  facet normal -0 1 0
    outer loop
      vertex 39.6 2 9
      vertex 40.2 2 9.51962
      vertex 40.2 2 8.48038
    endloop
  endfacet
  facet normal 0 1 0
    outer loop
      vertex 40.2 2 8.48038
      vertex 40.8 2 9
      vertex 40.5 2 8.48038
    endloop
  endfacet
  facet normal 0 1 0
    outer loop
      vertex 40.2 2 9.51962
      vertex 39.6 2 9
      vertex 39.9 2 9.51962
    endloop
  endfacet
  facet normal 0 1 0
    outer loop
      vertex 39.6 2 9
      vertex 40.2 2 8.48038
      vertex 39.9 2 8.48038
    endloop
  endfacet
  facet normal -0.866027 0 0.499997
    outer loop
      vertex 39.6 2 9
      vertex 39.9 1.875 9.51962
      vertex 39.9 2 9.51962
    endloop
  endfacet
  facet normal -0.866027 0 0.499997
    outer loop
      vertex 39.9 1.875 9.51962
      vertex 39.6 2 9
      vertex 39.6 1.75 9
    endloop
  endfacet
  facet normal -0.866027 0 0.499997
    outer loop
      vertex 39.6 -12 9
      vertex 39.9 -11.875 9.51962
      vertex 39.6 -11.75 9
    endloop
  endfacet
  facet normal -0.866027 0 0.499997
    outer loop
      vertex 39.9 -11.875 9.51962
      vertex 39.6 -12 9
      vertex 39.9 -12 9.51962
    endloop
  endfacet
  facet normal -0 0 1
    outer loop
      vertex 40.2 2 9.51962
      vertex 40.5 -12 9.51962
      vertex 40.5 2 9.51962
    endloop
  endfacet
  facet normal 0 0 1
    outer loop
      vertex 40.5 -12 9.51962
      vertex 40.2 2 9.51962
      vertex 40.2 -12 9.51962
    endloop
  endfacet
  facet normal 0 0 1
    outer loop
      vertex 40.2 2 9.51962
      vertex 39.9 2 9.51962
      vertex 39.9 1.875 9.51962
    endloop
  endfacet
  facet normal 0 0 1
    outer loop
      vertex 40.2 -12 9.51962
      vertex 39.9 -11.875 9.51962
      vertex 39.9 -12 9.51962
    endloop
  endfacet
  facet normal -0.866027 0 -0.499997
    outer loop
      vertex 39.9 1.875 8.48038
      vertex 39.6 2 9
      vertex 39.9 2 8.48038
    endloop
  endfacet
  facet normal -0.866027 -0 -0.499997
    outer loop
      vertex 39.6 2 9
      vertex 39.9 1.875 8.48038
      vertex 39.6 1.75 9
    endloop
  endfacet
  facet normal -0.866027 0 -0.499997
    outer loop
      vertex 39.6 -12 9
      vertex 39.9 -11.875 8.48038
      vertex 39.9 -12 8.48038
    endloop
  endfacet
  facet normal -0.866027 0 -0.499997
    outer loop
      vertex 39.9 -11.875 8.48038
      vertex 39.6 -12 9
      vertex 39.6 -11.75 9
    endloop
  endfacet
  facet normal 0 -1 0
    outer loop
      vertex 39.6 -12 9
      vertex 40.2 -12 9.51962
      vertex 39.9 -12 9.51962
    endloop
  endfacet
  facet normal 0 -1 -0
    outer loop
      vertex 40.2 -12 9.51962
      vertex 39.6 -12 9
      vertex 40.2 -12 8.48038
    endloop
  endfacet
  facet normal -0 -1 0
    outer loop
      vertex 40.8 -12 9
      vertex 40.2 -12 9.51962
      vertex 40.2 -12 8.48038
    endloop
  endfacet
  facet normal 0 -1 0
    outer loop
      vertex 40.2 -12 8.48038
      vertex 39.6 -12 9
      vertex 39.9 -12 8.48038
    endloop
  endfacet
  facet normal 0 -1 0
    outer loop
      vertex 40.2 -12 9.51962
      vertex 40.8 -12 9
      vertex 40.5 -12 9.51962
    endloop
  endfacet
  facet normal 0 -1 0
    outer loop
      vertex 40.8 -12 9
      vertex 40.2 -12 8.48038
      vertex 40.5 -12 8.48038
    endloop
  endfacet
  facet normal 0 0 -1
    outer loop
      vertex 39.9 1.875 8.48038
      vertex 39.9 2 8.48038
      vertex 40.2 2 8.48038
    endloop
  endfacet
  facet normal 0 0 -1
    outer loop
      vertex 39.9 -12 8.48038
      vertex 39.9 -11.875 8.48038
      vertex 40.2 -12 8.48038
    endloop
  endfacet
  facet normal 0 0 -1
    outer loop
      vertex 40.2 -12 8.48038
      vertex 40.5 2 8.48038
      vertex 40.5 -12 8.48038
    endloop
  endfacet
  facet normal -0 0 -1
    outer loop
      vertex 40.5 2 8.48038
      vertex 40.2 -12 8.48038
      vertex 40.2 2 8.48038
    endloop
  endfacet
  facet normal 0.866027 -0 0.499997
    outer loop
      vertex 40.5 -12 9.51962
      vertex 40.8 2 9
      vertex 40.5 2 9.51962
    endloop
  endfacet
  facet normal 0.866027 0 0.499997
    outer loop
      vertex 40.8 2 9
      vertex 40.5 -12 9.51962
      vertex 40.8 -12 9
    endloop
  endfacet
  facet normal 0 0 -1
    outer loop
      vertex 34.2 -9.5 0
      vertex 40.2 2 0
      vertex 40.2 -12 0
    endloop
  endfacet
  facet normal 0 0 -1
    outer loop
      vertex 40.2 2 0
      vertex 34.2 -9.5 0
      vertex 34.2 -0.5 0
    endloop
  endfacet
  facet normal 1 -0 0
    outer loop
      vertex 40.2 -12 8.48038
      vertex 40.2 2 0
      vertex 40.2 2 8.48038
    endloop
  endfacet
  facet normal 1 0 0
    outer loop
      vertex 40.2 2 0
      vertex 40.2 -12 8.48038
      vertex 40.2 -12 0
    endloop
  endfacet
  facet normal 1 -0 0
    outer loop
      vertex 40.2 -12 13.4804
      vertex 40.2 2 9.51962
      vertex 40.2 2 13.4804
    endloop
  endfacet
  facet normal 1 0 0
    outer loop
      vertex 40.2 2 9.51962
      vertex 40.2 -12 13.4804
      vertex 40.2 -12 9.51962
    endloop
  endfacet
  facet normal 1 -0 0
    outer loop
      vertex 40.2 -12 18.4804
      vertex 40.2 2 14.5196
      vertex 40.2 2 18.4804
    endloop
  endfacet
  facet normal 1 0 0
    outer loop
      vertex 40.2 2 14.5196
      vertex 40.2 -12 18.4804
      vertex 40.2 -12 14.5196
    endloop
  endfacet
  facet normal 1 -0 0
    outer loop
      vertex 40.2 -12 21.2821
      vertex 40.2 2 19.5196
      vertex 40.2 2 21.2821
    endloop
  endfacet
  facet normal 1 0 0
    outer loop
      vertex 40.2 2 19.5196
      vertex 40.2 -12 21.2821
      vertex 40.2 -12 19.5196
    endloop
  endfacet
  facet normal -0.384615 0.923077 0
    outer loop
      vertex 40.2 2 8.48038
      vertex 40.2 2 0
      vertex 39.9 1.875 8.48038
    endloop
  endfacet
  facet normal -0.384615 0.923077 0
    outer loop
      vertex 40.2 2 13.4804
      vertex 40.2 2 9.51962
      vertex 39.9 1.875 13.4804
    endloop
  endfacet
  facet normal -0.384615 0.923077 0
    outer loop
      vertex 40.2 2 18.4804
      vertex 40.2 2 14.5196
      vertex 39.9 1.875 18.4804
    endloop
  endfacet
  facet normal -0.384615 0.923077 0
    outer loop
      vertex 39.9 1.875 19.5196
      vertex 40.2 2 21.2821
      vertex 40.2 2 19.5196
    endloop
  endfacet
  facet normal -0.384615 0.923077 2.19877e-15
    outer loop
      vertex 39.6 1.75 19
      vertex 40.2 2 21.2821
      vertex 39.9 1.875 19.5196
    endloop
  endfacet
  facet normal -0.384615 0.923077 1.89643e-16
    outer loop
      vertex 40.2 2 21.2821
      vertex 39.6 1.75 19
      vertex 34.2 -0.5 27.2821
    endloop
  endfacet
  facet normal -0.384615 0.923077 0
    outer loop
      vertex 39.6 1.75 14
      vertex 39.6 1.75 19
      vertex 39.9 1.875 18.4804
    endloop
  endfacet
  facet normal -0.384615 0.923077 0
    outer loop
      vertex 39.9 1.875 14.5196
      vertex 39.9 1.875 18.4804
      vertex 40.2 2 14.5196
    endloop
  endfacet
  facet normal -0.384615 0.923077 0
    outer loop
      vertex 39.6 1.75 14
      vertex 39.9 1.875 18.4804
      vertex 39.9 1.875 14.5196
    endloop
  endfacet
  facet normal -0.384615 0.923077 0
    outer loop
      vertex 39.6 1.75 19
      vertex 39.6 1.75 14
      vertex 34.2 -0.5 27.2821
    endloop
  endfacet
  facet normal -0.384615 0.923077 0
    outer loop
      vertex 39.9 1.875 9.51962
      vertex 39.9 1.875 13.4804
      vertex 40.2 2 9.51962
    endloop
  endfacet
  facet normal -0.384615 0.923077 0
    outer loop
      vertex 39.9 1.875 13.4804
      vertex 39.9 1.875 9.51962
      vertex 39.6 1.75 14
    endloop
  endfacet
  facet normal -0.384615 0.923077 0
    outer loop
      vertex 39.6 1.75 9
      vertex 39.6 1.75 14
      vertex 39.9 1.875 9.51962
    endloop
  endfacet
  facet normal -0.384615 0.923077 0
    outer loop
      vertex 34.2 -0.5 0
      vertex 39.6 1.75 14
      vertex 39.6 1.75 9
    endloop
  endfacet
  facet normal -0.384615 0.923077 -1.93354e-16
    outer loop
      vertex 34.2 -0.5 0
      vertex 39.9 1.875 8.48038
      vertex 40.2 2 0
    endloop
  endfacet
  facet normal -0.384615 0.923077 1.04233e-15
    outer loop
      vertex 39.9 1.875 8.48038
      vertex 34.2 -0.5 0
      vertex 39.6 1.75 9
    endloop
  endfacet
  facet normal -0.384615 0.923077 0
    outer loop
      vertex 39.6 1.75 14
      vertex 34.2 -0.5 0
      vertex 34.2 -0.5 27.2821
    endloop
  endfacet
  facet normal -1 0 0
    outer loop
      vertex 34.2 -9.5 0
      vertex 34.2 -0.5 27.2821
      vertex 34.2 -0.5 0
    endloop
  endfacet
  facet normal -1 -0 0
    outer loop
      vertex 34.2 -0.5 27.2821
      vertex 34.2 -9.5 0
      vertex 34.2 -9.5 27.2821
    endloop
  endfacet
  facet normal -0.384615 -0.923077 1.89643e-16
    outer loop
      vertex 39.6 -11.75 19
      vertex 40.2 -12 21.2821
      vertex 34.2 -9.5 27.2821
    endloop
  endfacet
  facet normal -0.384615 -0.923077 2.19877e-15
    outer loop
      vertex 40.2 -12 21.2821
      vertex 39.6 -11.75 19
      vertex 39.9 -11.875 19.5196
    endloop
  endfacet
  facet normal -0.384615 -0.923077 0
    outer loop
      vertex 39.6 -11.75 14
      vertex 39.6 -11.75 19
      vertex 34.2 -9.5 27.2821
    endloop
  endfacet
  facet normal -0.384615 -0.923077 -0
    outer loop
      vertex 39.9 -11.875 18.4804
      vertex 39.9 -11.875 14.5196
      vertex 40.2 -12 18.4804
    endloop
  endfacet
  facet normal -0.384615 -0.923077 -0
    outer loop
      vertex 39.6 -11.75 19
      vertex 39.6 -11.75 14
      vertex 39.9 -11.875 18.4804
    endloop
  endfacet
  facet normal -0.384615 -0.923077 -0
    outer loop
      vertex 39.9 -11.875 18.4804
      vertex 39.6 -11.75 14
      vertex 39.9 -11.875 14.5196
    endloop
  endfacet
  facet normal -0.384615 -0.923077 -0
    outer loop
      vertex 39.9 -11.875 13.4804
      vertex 39.9 -11.875 9.51962
      vertex 40.2 -12 13.4804
    endloop
  endfacet
  facet normal -0.384615 -0.923077 0
    outer loop
      vertex 39.6 -11.75 14
      vertex 39.9 -11.875 9.51962
      vertex 39.9 -11.875 13.4804
    endloop
  endfacet
  facet normal -0.384615 -0.923077 0
    outer loop
      vertex 34.2 -9.5 0
      vertex 39.6 -11.75 14
      vertex 34.2 -9.5 27.2821
    endloop
  endfacet
  facet normal -0.384615 -0.923077 -0
    outer loop
      vertex 39.6 -11.75 14
      vertex 39.6 -11.75 9
      vertex 39.9 -11.875 9.51962
    endloop
  endfacet
  facet normal -0.384615 -0.923077 -0
    outer loop
      vertex 39.6 -11.75 14
      vertex 34.2 -9.5 0
      vertex 39.6 -11.75 9
    endloop
  endfacet
  facet normal -0.384615 -0.923077 8.93423e-16
    outer loop
      vertex 34.2 -9.5 0
      vertex 39.9 -11.875 8.48038
      vertex 39.6 -11.75 9
    endloop
  endfacet
  facet normal -0.384615 -0.923077 -1.93354e-16
    outer loop
      vertex 40.2 -12 0
      vertex 39.9 -11.875 8.48038
      vertex 34.2 -9.5 0
    endloop
  endfacet
  facet normal -0.384615 -0.923077 0
    outer loop
      vertex 39.9 -11.875 8.48038
      vertex 40.2 -12 0
      vertex 40.2 -12 8.48038
    endloop
  endfacet
  facet normal -0.384615 -0.923077 -0
    outer loop
      vertex 40.2 -12 21.2821
      vertex 39.9 -11.875 19.5196
      vertex 40.2 -12 19.5196
    endloop
  endfacet
  facet normal -0.384615 -0.923077 -0
    outer loop
      vertex 40.2 -12 18.4804
      vertex 39.9 -11.875 14.5196
      vertex 40.2 -12 14.5196
    endloop
  endfacet
  facet normal -0.384615 -0.923077 -0
    outer loop
      vertex 40.2 -12 13.4804
      vertex 39.9 -11.875 9.51962
      vertex 40.2 -12 9.51962
    endloop
  endfacet
  facet normal 0.707107 -0 0.707107
    outer loop
      vertex 34.2 -9.5 27.2821
      vertex 40.2 2 21.2821
      vertex 34.2 -0.5 27.2821
    endloop
  endfacet
  facet normal 0.707107 0 0.707107
    outer loop
      vertex 40.2 2 21.2821
      vertex 34.2 -9.5 27.2821
      vertex 40.2 -12 21.2821
    endloop
  endfacet
  facet normal -0 0 1
    outer loop
      vertex -27 22.2 18
      vertex -23.8 19 18
      vertex -23.8 22.2 18
    endloop
  endfacet
  facet normal 0 0 1
    outer loop
      vertex -27 22.2 18
      vertex -27 19 18
      vertex -23.8 19 18
    endloop
  endfacet
  facet normal 0 0 1
    outer loop
      vertex -27 22.2 18
      vertex -27.3921 18.9807 18
      vertex -27 19 18
    endloop
  endfacet
  facet normal -0 0 1
    outer loop
      vertex -27.7057 22.1653 18
      vertex -27.3921 18.9807 18
      vertex -27 22.2 18
    endloop
  endfacet
  facet normal 0 0 1
    outer loop
      vertex -27.7057 22.1653 18
      vertex -27.7804 18.9231 18
      vertex -27.3921 18.9807 18
    endloop
  endfacet
  facet normal -0 0 1
    outer loop
      vertex -28.4046 22.0617 18
      vertex -27.7804 18.9231 18
      vertex -27.7057 22.1653 18
    endloop
  endfacet
  facet normal 0 0 1
    outer loop
      vertex -27.7804 18.9231 18
      vertex -28.4046 22.0617 18
      vertex -28.1611 18.8278 18
    endloop
  endfacet
  facet normal -0 0 1
    outer loop
      vertex -29.09 21.89 18
      vertex -28.1611 18.8278 18
      vertex -28.4046 22.0617 18
    endloop
  endfacet
  facet normal 0 0 1
    outer loop
      vertex -28.1611 18.8278 18
      vertex -29.09 21.89 18
      vertex -28.5307 18.6955 18
    endloop
  endfacet
  facet normal -0 0 1
    outer loop
      vertex -29.7553 21.6519 18
      vertex -28.5307 18.6955 18
      vertex -29.09 21.89 18
    endloop
  endfacet
  facet normal 0 0 1
    outer loop
      vertex -28.5307 18.6955 18
      vertex -29.7553 21.6519 18
      vertex -28.8856 18.5277 18
    endloop
  endfacet
  facet normal -0 0 1
    outer loop
      vertex -30.3941 21.3498 18
      vertex -28.8856 18.5277 18
      vertex -29.7553 21.6519 18
    endloop
  endfacet
  facet normal 0 0 1
    outer loop
      vertex -28.8856 18.5277 18
      vertex -30.3941 21.3498 18
      vertex -29.2223 18.3259 18
    endloop
  endfacet
  facet normal -0 0 1
    outer loop
      vertex -31.0001 20.9866 18
      vertex -29.2223 18.3259 18
      vertex -30.3941 21.3498 18
    endloop
  endfacet
  facet normal 0 0 1
    outer loop
      vertex -29.2223 18.3259 18
      vertex -31.0001 20.9866 18
      vertex -29.5376 18.092 18
    endloop
  endfacet
  facet normal -0 0 1
    outer loop
      vertex -31.5676 20.5657 18
      vertex -29.5376 18.092 18
      vertex -31.0001 20.9866 18
    endloop
  endfacet
  facet normal 0 0 1
    outer loop
      vertex -29.5376 18.092 18
      vertex -31.5676 20.5657 18
      vertex -29.8284 17.8284 18
    endloop
  endfacet
  facet normal -0 0 1
    outer loop
      vertex -32.0912 20.0912 18
      vertex -29.8284 17.8284 18
      vertex -31.5676 20.5657 18
    endloop
  endfacet
  facet normal 0 0 1
    outer loop
      vertex -29.8284 17.8284 18
      vertex -32.0912 20.0912 18
      vertex -30.092 17.5376 18
    endloop
  endfacet
  facet normal -0 0 1
    outer loop
      vertex -32.5657 19.5676 18
      vertex -30.092 17.5376 18
      vertex -32.0912 20.0912 18
    endloop
  endfacet
  facet normal 0 0 1
    outer loop
      vertex -30.092 17.5376 18
      vertex -32.5657 19.5676 18
      vertex -30.3259 17.2223 18
    endloop
  endfacet
  facet normal -0 0 1
    outer loop
      vertex -32.9866 19.0001 18
      vertex -30.3259 17.2223 18
      vertex -32.5657 19.5676 18
    endloop
  endfacet
  facet normal 0 0 1
    outer loop
      vertex -30.5277 16.8856 18
      vertex -33.3498 18.3941 18
      vertex -30.6955 16.5307 18
    endloop
  endfacet
  facet normal -0 0 1
    outer loop
      vertex -33.3498 18.3941 18
      vertex -30.5277 16.8856 18
      vertex -32.9866 19.0001 18
    endloop
  endfacet
  facet normal 0 0 1
    outer loop
      vertex -30.3259 17.2223 18
      vertex -32.9866 19.0001 18
      vertex -30.5277 16.8856 18
    endloop
  endfacet
  facet normal 0 0 1
    outer loop
      vertex 31 15 18
      vertex 34.2 15 18
      vertex 34.1653 15.7057 18
    endloop
  endfacet
  facet normal 0 0 1
    outer loop
      vertex 31 15 18
      vertex 34.1653 15.7057 18
      vertex 34.0617 16.4046 18
    endloop
  endfacet
  facet normal 0 0 1
    outer loop
      vertex 31 15 18
      vertex 34.0617 16.4046 18
      vertex 33.89 17.09 18
    endloop
  endfacet
  facet normal 0 0 1
    outer loop
      vertex 31 15 18
      vertex 33.89 17.09 18
      vertex 33.6519 17.7553 18
    endloop
  endfacet
  facet normal 0 0 1
    outer loop
      vertex 31 15 18
      vertex 33.6519 17.7553 18
      vertex 33.3498 18.3941 18
    endloop
  endfacet
  facet normal 0 0 1
    outer loop
      vertex 31 15 18
      vertex 33.3498 18.3941 18
      vertex 32.9866 19.0001 18
    endloop
  endfacet
  facet normal 0 0 1
    outer loop
      vertex 31 15 18
      vertex 32.9866 19.0001 18
      vertex 32.5657 19.5676 18
    endloop
  endfacet
  facet normal 0 -0 1
    outer loop
      vertex 32.41 -18 18
      vertex 34.2 15 18
      vertex 31 15 18
    endloop
  endfacet
  facet normal 0 0 1
    outer loop
      vertex 34.2 15 18
      vertex 32.41 -18 18
      vertex 34.2 -18 18
    endloop
  endfacet
  facet normal 0 0 1
    outer loop
      vertex 31 15 18
      vertex 32.5657 19.5676 18
      vertex 32.0912 20.0912 18
    endloop
  endfacet
  facet normal -0 0 1
    outer loop
      vertex 32.41 -25 18
      vertex 34.1653 -25.7057 18
      vertex 34.2 -25 18
    endloop
  endfacet
  facet normal 0 0 1
    outer loop
      vertex 34.1653 -25.7057 18
      vertex 32.41 -25 18
      vertex 34.0617 -26.4046 18
    endloop
  endfacet
  facet normal 0 0 1
    outer loop
      vertex 34.0617 -26.4046 18
      vertex 32.41 -25 18
      vertex 33.89 -27.09 18
    endloop
  endfacet
  facet normal -0 0 1
    outer loop
      vertex 30.8278 -26.1611 18
      vertex 33.89 -27.09 18
      vertex 32.41 -25 18
    endloop
  endfacet
  facet normal 0 0 1
    outer loop
      vertex 33.89 -27.09 18
      vertex 30.8278 -26.1611 18
      vertex 33.6519 -27.7553 18
    endloop
  endfacet
  facet normal -0 0 1
    outer loop
      vertex 30.6955 -26.5307 18
      vertex 33.6519 -27.7553 18
      vertex 30.8278 -26.1611 18
    endloop
  endfacet
  facet normal 0 0 1
    outer loop
      vertex 33.6519 -27.7553 18
      vertex 30.6955 -26.5307 18
      vertex 33.3498 -28.3941 18
    endloop
  endfacet
  facet normal 0 0 1
    outer loop
      vertex 33.3498 -28.3941 18
      vertex 30.5277 -26.8856 18
      vertex 32.9866 -29.0001 18
    endloop
  endfacet
  facet normal 0 0 1
    outer loop
      vertex 31 -25 18
      vertex 32.41 -18 18
      vertex 31 15 18
    endloop
  endfacet
  facet normal 0 0 1
    outer loop
      vertex 29.8284 17.8284 18
      vertex 32.0912 20.0912 18
      vertex 31.5676 20.5657 18
    endloop
  endfacet
  facet normal 0 0 1
    outer loop
      vertex 32.41 -18 18
      vertex 31 -25 18
      vertex 32.41 -25 18
    endloop
  endfacet
  facet normal 0 0 1
    outer loop
      vertex 29.5376 18.092 18
      vertex 31.5676 20.5657 18
      vertex 31.0001 20.9866 18
    endloop
  endfacet
  facet normal 0 0 1
    outer loop
      vertex 30.9807 -25.3921 18
      vertex 32.41 -25 18
      vertex 31 -25 18
    endloop
  endfacet
  facet normal 0 0 1
    outer loop
      vertex 30.9231 -25.7804 18
      vertex 32.41 -25 18
      vertex 30.9807 -25.3921 18
    endloop
  endfacet
  facet normal 0 0 1
    outer loop
      vertex 32.0912 20.0912 18
      vertex 30.9807 15.3921 18
      vertex 31 15 18
    endloop
  endfacet
  facet normal 0 0 1
    outer loop
      vertex 32.0912 20.0912 18
      vertex 30.9231 15.7804 18
      vertex 30.9807 15.3921 18
    endloop
  endfacet
  facet normal 0 0 1
    outer loop
      vertex 32.0912 20.0912 18
      vertex 30.8278 16.1611 18
      vertex 30.9231 15.7804 18
    endloop
  endfacet
  facet normal 0 0 1
    outer loop
      vertex 32.0912 20.0912 18
      vertex 30.6955 16.5307 18
      vertex 30.8278 16.1611 18
    endloop
  endfacet
  facet normal 0 0 1
    outer loop
      vertex 32.0912 20.0912 18
      vertex 30.5277 16.8856 18
      vertex 30.6955 16.5307 18
    endloop
  endfacet
  facet normal 0 0 1
    outer loop
      vertex 29.2223 18.3259 18
      vertex 31.0001 20.9866 18
      vertex 30.3941 21.3498 18
    endloop
  endfacet
  facet normal 0 0 1
    outer loop
      vertex 32.0912 20.0912 18
      vertex 30.3259 17.2223 18
      vertex 30.5277 16.8856 18
    endloop
  endfacet
  facet normal 0 0 1
    outer loop
      vertex 32.0912 20.0912 18
      vertex 30.092 17.5376 18
      vertex 30.3259 17.2223 18
    endloop
  endfacet
  facet normal 0 0 1
    outer loop
      vertex 32.0912 20.0912 18
      vertex 29.8284 17.8284 18
      vertex 30.092 17.5376 18
    endloop
  endfacet
  facet normal 0 0 1
    outer loop
      vertex 28.8856 18.5277 18
      vertex 30.3941 21.3498 18
      vertex 29.7553 21.6519 18
    endloop
  endfacet
  facet normal 0 0 1
    outer loop
      vertex 31.5676 20.5657 18
      vertex 29.5376 18.092 18
      vertex 29.8284 17.8284 18
    endloop
  endfacet
  facet normal 0 0 1
    outer loop
      vertex 31.0001 20.9866 18
      vertex 29.2223 18.3259 18
      vertex 29.5376 18.092 18
    endloop
  endfacet
  facet normal 0 0 1
    outer loop
      vertex 28.5307 18.6955 18
      vertex 29.7553 21.6519 18
      vertex 29.09 21.89 18
    endloop
  endfacet
  facet normal 0 0 1
    outer loop
      vertex 30.3941 21.3498 18
      vertex 28.8856 18.5277 18
      vertex 29.2223 18.3259 18
    endloop
  endfacet
  facet normal 0 0 1
    outer loop
      vertex 29.7553 21.6519 18
      vertex 28.5307 18.6955 18
      vertex 28.8856 18.5277 18
    endloop
  endfacet
  facet normal 0 0 1
    outer loop
      vertex 28.1611 18.8278 18
      vertex 29.09 21.89 18
      vertex 28.4046 22.0617 18
    endloop
  endfacet
  facet normal 0 0 1
    outer loop
      vertex 29.09 21.89 18
      vertex 28.1611 18.8278 18
      vertex 28.5307 18.6955 18
    endloop
  endfacet
  facet normal 0 0 1
    outer loop
      vertex 28.4046 22.0617 18
      vertex 27.7804 18.9231 18
      vertex 28.1611 18.8278 18
    endloop
  endfacet
  facet normal 0 0 1
    outer loop
      vertex 27.7057 22.1653 18
      vertex 27.7804 18.9231 18
      vertex 28.4046 22.0617 18
    endloop
  endfacet
  facet normal 0 0 1
    outer loop
      vertex 27.7057 22.1653 18
      vertex 27.3921 18.9807 18
      vertex 27.7804 18.9231 18
    endloop
  endfacet
  facet normal 0 0 1
    outer loop
      vertex 27 22.2 18
      vertex 27.3921 18.9807 18
      vertex 27.7057 22.1653 18
    endloop
  endfacet
  facet normal 0 0 1
    outer loop
      vertex 27 22.2 18
      vertex 27 19 18
      vertex 27.3921 18.9807 18
    endloop
  endfacet
  facet normal -0 0 1
    outer loop
      vertex 23.8 22.2 18
      vertex 27 19 18
      vertex 27 22.2 18
    endloop
  endfacet
  facet normal 0 0 1
    outer loop
      vertex 27 19 18
      vertex 23.8 22.2 18
      vertex 23.8 19 18
    endloop
  endfacet
  facet normal 0 0 1
    outer loop
      vertex 30.8278 -26.1611 18
      vertex 32.41 -25 18
      vertex 30.9231 -25.7804 18
    endloop
  endfacet
  facet normal -0 0 1
    outer loop
      vertex 30.5277 -26.8856 18
      vertex 33.3498 -28.3941 18
      vertex 30.6955 -26.5307 18
    endloop
  endfacet
  facet normal -0 0 1
    outer loop
      vertex 30.3259 -27.2223 18
      vertex 32.9866 -29.0001 18
      vertex 30.5277 -26.8856 18
    endloop
  endfacet
  facet normal 0 0 1
    outer loop
      vertex 32.9866 -29.0001 18
      vertex 30.3259 -27.2223 18
      vertex 32.5657 -29.5676 18
    endloop
  endfacet
  facet normal -0 0 1
    outer loop
      vertex 30.092 -27.5376 18
      vertex 32.5657 -29.5676 18
      vertex 30.3259 -27.2223 18
    endloop
  endfacet
  facet normal 0 0 1
    outer loop
      vertex 32.5657 -29.5676 18
      vertex 30.092 -27.5376 18
      vertex 32.0912 -30.0912 18
    endloop
  endfacet
  facet normal -0 0 1
    outer loop
      vertex 29.8284 -27.8284 18
      vertex 32.0912 -30.0912 18
      vertex 30.092 -27.5376 18
    endloop
  endfacet
  facet normal 0 0 1
    outer loop
      vertex 32.0912 -30.0912 18
      vertex 29.8284 -27.8284 18
      vertex 31.5676 -30.5657 18
    endloop
  endfacet
  facet normal -0 0 1
    outer loop
      vertex 29.5376 -28.092 18
      vertex 31.5676 -30.5657 18
      vertex 29.8284 -27.8284 18
    endloop
  endfacet
  facet normal 0 0 1
    outer loop
      vertex 31.5676 -30.5657 18
      vertex 29.5376 -28.092 18
      vertex 31.0001 -30.9866 18
    endloop
  endfacet
  facet normal -0 0 1
    outer loop
      vertex 29.2223 -28.3259 18
      vertex 31.0001 -30.9866 18
      vertex 29.5376 -28.092 18
    endloop
  endfacet
  facet normal 0 0 1
    outer loop
      vertex 31.0001 -30.9866 18
      vertex 29.2223 -28.3259 18
      vertex 30.3941 -31.3498 18
    endloop
  endfacet
  facet normal -0 0 1
    outer loop
      vertex 28.8856 -28.5277 18
      vertex 30.3941 -31.3498 18
      vertex 29.2223 -28.3259 18
    endloop
  endfacet
  facet normal 0 0 1
    outer loop
      vertex 30.3941 -31.3498 18
      vertex 28.8856 -28.5277 18
      vertex 29.7553 -31.6519 18
    endloop
  endfacet
  facet normal -0 0 1
    outer loop
      vertex 28.5307 -28.6955 18
      vertex 29.7553 -31.6519 18
      vertex 28.8856 -28.5277 18
    endloop
  endfacet
  facet normal 0 0 1
    outer loop
      vertex 29.7553 -31.6519 18
      vertex 28.5307 -28.6955 18
      vertex 29.09 -31.89 18
    endloop
  endfacet
  facet normal -0 0 1
    outer loop
      vertex 28.1611 -28.8278 18
      vertex 29.09 -31.89 18
      vertex 28.5307 -28.6955 18
    endloop
  endfacet
  facet normal 0 0 1
    outer loop
      vertex 29.09 -31.89 18
      vertex 28.1611 -28.8278 18
      vertex 28.4046 -32.0617 18
    endloop
  endfacet
  facet normal -0 0 1
    outer loop
      vertex 27.7804 -28.9231 18
      vertex 28.4046 -32.0617 18
      vertex 28.1611 -28.8278 18
    endloop
  endfacet
  facet normal 0 0 1
    outer loop
      vertex 27.7804 -28.9231 18
      vertex 27.7057 -32.1653 18
      vertex 28.4046 -32.0617 18
    endloop
  endfacet
  facet normal -0 0 1
    outer loop
      vertex 27.3921 -28.9807 18
      vertex 27.7057 -32.1653 18
      vertex 27.7804 -28.9231 18
    endloop
  endfacet
  facet normal -0 0 1
    outer loop
      vertex 27 -29 18
      vertex 27.7057 -32.1653 18
      vertex 27.3921 -28.9807 18
    endloop
  endfacet
  facet normal 0 0 1
    outer loop
      vertex 27 -29 18
      vertex 27 -32.2 18
      vertex 27.7057 -32.1653 18
    endloop
  endfacet
  facet normal -0 0 1
    outer loop
      vertex -27 -29 18
      vertex 27 -32.2 18
      vertex 27 -29 18
    endloop
  endfacet
  facet normal 0 0 1
    outer loop
      vertex -27 -29 18
      vertex -27 -32.2 18
      vertex 27 -32.2 18
    endloop
  endfacet
  facet normal 0 0 1
    outer loop
      vertex -27.3921 -28.9807 18
      vertex -27 -32.2 18
      vertex -27 -29 18
    endloop
  endfacet
  facet normal 0 0 1
    outer loop
      vertex -27.3921 -28.9807 18
      vertex -27.7057 -32.1653 18
      vertex -27 -32.2 18
    endloop
  endfacet
  facet normal 0 0 1
    outer loop
      vertex -27.7804 -28.9231 18
      vertex -27.7057 -32.1653 18
      vertex -27.3921 -28.9807 18
    endloop
  endfacet
  facet normal 0 0 1
    outer loop
      vertex -28.4046 -32.0617 18
      vertex -27.7804 -28.9231 18
      vertex -28.1611 -28.8278 18
    endloop
  endfacet
  facet normal 0 0 1
    outer loop
      vertex -27.7804 -28.9231 18
      vertex -28.4046 -32.0617 18
      vertex -27.7057 -32.1653 18
    endloop
  endfacet
  facet normal 0 0 1
    outer loop
      vertex -29.09 -31.89 18
      vertex -28.1611 -28.8278 18
      vertex -28.5307 -28.6955 18
    endloop
  endfacet
  facet normal 0 0 1
    outer loop
      vertex -29.7553 -31.6519 18
      vertex -28.5307 -28.6955 18
      vertex -28.8856 -28.5277 18
    endloop
  endfacet
  facet normal 0 0 1
    outer loop
      vertex -28.1611 -28.8278 18
      vertex -29.09 -31.89 18
      vertex -28.4046 -32.0617 18
    endloop
  endfacet
  facet normal 0 0 1
    outer loop
      vertex -30.3941 -31.3498 18
      vertex -28.8856 -28.5277 18
      vertex -29.2223 -28.3259 18
    endloop
  endfacet
  facet normal 0 0 1
    outer loop
      vertex -31.0001 -30.9866 18
      vertex -29.2223 -28.3259 18
      vertex -29.5376 -28.092 18
    endloop
  endfacet
  facet normal 0 0 1
    outer loop
      vertex -28.5307 -28.6955 18
      vertex -29.7553 -31.6519 18
      vertex -29.09 -31.89 18
    endloop
  endfacet
  facet normal 0 0 1
    outer loop
      vertex -31.5676 -30.5657 18
      vertex -29.5376 -28.092 18
      vertex -29.8284 -27.8284 18
    endloop
  endfacet
  facet normal 0 0 1
    outer loop
      vertex -32.0912 -30.0912 18
      vertex -29.8284 -27.8284 18
      vertex -30.092 -27.5376 18
    endloop
  endfacet
  facet normal 0 0 1
    outer loop
      vertex -32.5657 -29.5676 18
      vertex -30.092 -27.5376 18
      vertex -30.3259 -27.2223 18
    endloop
  endfacet
  facet normal 0 0 1
    outer loop
      vertex -28.8856 -28.5277 18
      vertex -30.3941 -31.3498 18
      vertex -29.7553 -31.6519 18
    endloop
  endfacet
  facet normal 0 0 1
    outer loop
      vertex -32.9866 -29.0001 18
      vertex -30.3259 -27.2223 18
      vertex -30.5277 -26.8856 18
    endloop
  endfacet
  facet normal 0 0 1
    outer loop
      vertex -33.3498 -28.3941 18
      vertex -30.5277 -26.8856 18
      vertex -30.6955 -26.5307 18
    endloop
  endfacet
  facet normal 0 0 1
    outer loop
      vertex -33.6519 -27.7553 18
      vertex -30.6955 -26.5307 18
      vertex -30.8278 -26.1611 18
    endloop
  endfacet
  facet normal 0 0 1
    outer loop
      vertex -32.41 -25 18
      vertex -30.8278 -26.1611 18
      vertex -30.9231 -25.7804 18
    endloop
  endfacet
  facet normal 0 0 1
    outer loop
      vertex -32.41 -25 18
      vertex -30.9231 -25.7804 18
      vertex -30.9807 -25.3921 18
    endloop
  endfacet
  facet normal 0 0 1
    outer loop
      vertex -29.2223 -28.3259 18
      vertex -31.0001 -30.9866 18
      vertex -30.3941 -31.3498 18
    endloop
  endfacet
  facet normal -0 0 1
    outer loop
      vertex -32.41 -25 18
      vertex -30.9807 -25.3921 18
      vertex -31 -25 18
    endloop
  endfacet
  facet normal 0 0 1
    outer loop
      vertex -31 15 18
      vertex -32.41 -18 18
      vertex -31 -25 18
    endloop
  endfacet
  facet normal -0 0 1
    outer loop
      vertex -33.6519 17.7553 18
      vertex -30.6955 16.5307 18
      vertex -33.3498 18.3941 18
    endloop
  endfacet
  facet normal 0 0 1
    outer loop
      vertex -32.41 -25 18
      vertex -31 -25 18
      vertex -32.41 -18 18
    endloop
  endfacet
  facet normal 0 0 1
    outer loop
      vertex -30.6955 16.5307 18
      vertex -33.6519 17.7553 18
      vertex -30.8278 16.1611 18
    endloop
  endfacet
  facet normal 0 0 1
    outer loop
      vertex -30.8278 -26.1611 18
      vertex -32.41 -25 18
      vertex -33.89 -27.09 18
    endloop
  endfacet
  facet normal 0 0 1
    outer loop
      vertex -29.5376 -28.092 18
      vertex -31.5676 -30.5657 18
      vertex -31.0001 -30.9866 18
    endloop
  endfacet
  facet normal -0 0 1
    outer loop
      vertex -33.89 17.09 18
      vertex -30.8278 16.1611 18
      vertex -33.6519 17.7553 18
    endloop
  endfacet
  facet normal 0 0 1
    outer loop
      vertex -30.8278 16.1611 18
      vertex -33.89 17.09 18
      vertex -30.9231 15.7804 18
    endloop
  endfacet
  facet normal -0 0 1
    outer loop
      vertex -34.0617 16.4046 18
      vertex -30.9231 15.7804 18
      vertex -33.89 17.09 18
    endloop
  endfacet
  facet normal 0 0 1
    outer loop
      vertex -30.9231 15.7804 18
      vertex -34.0617 16.4046 18
      vertex -30.9807 15.3921 18
    endloop
  endfacet
  facet normal -0 0 1
    outer loop
      vertex -34.1653 15.7057 18
      vertex -30.9807 15.3921 18
      vertex -34.0617 16.4046 18
    endloop
  endfacet
  facet normal 0 0 1
    outer loop
      vertex -30.9807 15.3921 18
      vertex -34.1653 15.7057 18
      vertex -31 15 18
    endloop
  endfacet
  facet normal 0 0 1
    outer loop
      vertex -31 15 18
      vertex -34.1653 15.7057 18
      vertex -34.2 15 18
    endloop
  endfacet
  facet normal 0 0 1
    outer loop
      vertex -31 15 18
      vertex -34.2 15 18
      vertex -32.41 -18 18
    endloop
  endfacet
  facet normal 0 0 1
    outer loop
      vertex -32.41 -18 18
      vertex -34.2 15 18
      vertex -34.2 -18 18
    endloop
  endfacet
  facet normal 0 0 1
    outer loop
      vertex -29.8284 -27.8284 18
      vertex -32.0912 -30.0912 18
      vertex -31.5676 -30.5657 18
    endloop
  endfacet
  facet normal 0 0 1
    outer loop
      vertex -30.092 -27.5376 18
      vertex -32.5657 -29.5676 18
      vertex -32.0912 -30.0912 18
    endloop
  endfacet
  facet normal 0 0 1
    outer loop
      vertex -30.3259 -27.2223 18
      vertex -32.9866 -29.0001 18
      vertex -32.5657 -29.5676 18
    endloop
  endfacet
  facet normal 0 0 1
    outer loop
      vertex -30.5277 -26.8856 18
      vertex -33.3498 -28.3941 18
      vertex -32.9866 -29.0001 18
    endloop
  endfacet
  facet normal 0 0 1
    outer loop
      vertex -30.6955 -26.5307 18
      vertex -33.6519 -27.7553 18
      vertex -33.3498 -28.3941 18
    endloop
  endfacet
  facet normal 0 0 1
    outer loop
      vertex -30.8278 -26.1611 18
      vertex -33.89 -27.09 18
      vertex -33.6519 -27.7553 18
    endloop
  endfacet
  facet normal 0 0 1
    outer loop
      vertex -32.41 -25 18
      vertex -34.0617 -26.4046 18
      vertex -33.89 -27.09 18
    endloop
  endfacet
  facet normal 0 0 1
    outer loop
      vertex -32.41 -25 18
      vertex -34.1653 -25.7057 18
      vertex -34.0617 -26.4046 18
    endloop
  endfacet
  facet normal 0 -0 1
    outer loop
      vertex -34.1653 -25.7057 18
      vertex -32.41 -25 18
      vertex -34.2 -25 18
    endloop
  endfacet
  facet normal 0 0 -1
    outer loop
      vertex 30.5277 16.8856 0
      vertex 33.3498 18.3941 0
      vertex 30.6955 16.5307 0
    endloop
  endfacet
  facet normal -0 0 -1
    outer loop
      vertex 33.3498 18.3941 0
      vertex 30.5277 16.8856 0
      vertex 32.9866 19.0001 0
    endloop
  endfacet
  facet normal 0 0 -1
    outer loop
      vertex 30.3259 17.2223 0
      vertex 32.9866 19.0001 0
      vertex 30.5277 16.8856 0
    endloop
  endfacet
  facet normal -0 0 -1
    outer loop
      vertex 32.9866 19.0001 0
      vertex 30.3259 17.2223 0
      vertex 32.5657 19.5676 0
    endloop
  endfacet
  facet normal 0 0 -1
    outer loop
      vertex 30.092 17.5376 0
      vertex 32.5657 19.5676 0
      vertex 30.3259 17.2223 0
    endloop
  endfacet
  facet normal -0 0 -1
    outer loop
      vertex 32.5657 19.5676 0
      vertex 30.092 17.5376 0
      vertex 32.0912 20.0912 0
    endloop
  endfacet
  facet normal 0 0 -1
    outer loop
      vertex 29.8284 17.8284 0
      vertex 32.0912 20.0912 0
      vertex 30.092 17.5376 0
    endloop
  endfacet
  facet normal -0 0 -1
    outer loop
      vertex 32.0912 20.0912 0
      vertex 29.8284 17.8284 0
      vertex 31.5676 20.5657 0
    endloop
  endfacet
  facet normal 0 0 -1
    outer loop
      vertex 29.5376 18.092 0
      vertex 31.5676 20.5657 0
      vertex 29.8284 17.8284 0
    endloop
  endfacet
  facet normal -0 0 -1
    outer loop
      vertex 31.5676 20.5657 0
      vertex 29.5376 18.092 0
      vertex 31.0001 20.9866 0
    endloop
  endfacet
  facet normal 0 0 -1
    outer loop
      vertex 29.2223 18.3259 0
      vertex 31.0001 20.9866 0
      vertex 29.5376 18.092 0
    endloop
  endfacet
  facet normal -0 0 -1
    outer loop
      vertex 31.0001 20.9866 0
      vertex 29.2223 18.3259 0
      vertex 30.3941 21.3498 0
    endloop
  endfacet
  facet normal 0 0 -1
    outer loop
      vertex 28.8856 18.5277 0
      vertex 30.3941 21.3498 0
      vertex 29.2223 18.3259 0
    endloop
  endfacet
  facet normal -0 0 -1
    outer loop
      vertex 30.3941 21.3498 0
      vertex 28.8856 18.5277 0
      vertex 29.7553 21.6519 0
    endloop
  endfacet
  facet normal 0 0 -1
    outer loop
      vertex 28.5307 18.6955 0
      vertex 29.7553 21.6519 0
      vertex 28.8856 18.5277 0
    endloop
  endfacet
  facet normal -0 0 -1
    outer loop
      vertex 29.7553 21.6519 0
      vertex 28.5307 18.6955 0
      vertex 29.09 21.89 0
    endloop
  endfacet
  facet normal 0 0 -1
    outer loop
      vertex 28.1611 18.8278 0
      vertex 29.09 21.89 0
      vertex 28.5307 18.6955 0
    endloop
  endfacet
  facet normal -0 0 -1
    outer loop
      vertex 29.09 21.89 0
      vertex 28.1611 18.8278 0
      vertex 28.4046 22.0617 0
    endloop
  endfacet
  facet normal 0 0 -1
    outer loop
      vertex 27.7804 18.9231 0
      vertex 28.4046 22.0617 0
      vertex 28.1611 18.8278 0
    endloop
  endfacet
  facet normal 0 0 -1
    outer loop
      vertex 27.7804 18.9231 0
      vertex 27.7057 22.1653 0
      vertex 28.4046 22.0617 0
    endloop
  endfacet
  facet normal 0 0 -1
    outer loop
      vertex 27.3921 18.9807 0
      vertex 27.7057 22.1653 0
      vertex 27.7804 18.9231 0
    endloop
  endfacet
  facet normal 0 0 -1
    outer loop
      vertex 27 19 0
      vertex 27.7057 22.1653 0
      vertex 27.3921 18.9807 0
    endloop
  endfacet
  facet normal 0 0 -1
    outer loop
      vertex 27 19 0
      vertex 27 22.2 0
      vertex 27.7057 22.1653 0
    endloop
  endfacet
  facet normal 0 0 -1
    outer loop
      vertex 23.8 19 0
      vertex 27 22.2 0
      vertex 27 19 0
    endloop
  endfacet
  facet normal -0 0 -1
    outer loop
      vertex 27 22.2 0
      vertex 23.8 19 0
      vertex 23.8 22.2 0
    endloop
  endfacet
  facet normal 0 0 -1
    outer loop
      vertex 32.41 -25 0
      vertex 34.1653 -25.7057 0
      vertex 34.0617 -26.4046 0
    endloop
  endfacet
  facet normal 0 0 -1
    outer loop
      vertex 32.41 -25 0
      vertex 34.0617 -26.4046 0
      vertex 33.89 -27.09 0
    endloop
  endfacet
  facet normal 0 0 -1
    outer loop
      vertex 30.8278 -26.1611 0
      vertex 33.89 -27.09 0
      vertex 33.6519 -27.7553 0
    endloop
  endfacet
  facet normal 0 0 -1
    outer loop
      vertex 30.6955 -26.5307 0
      vertex 33.6519 -27.7553 0
      vertex 33.3498 -28.3941 0
    endloop
  endfacet
  facet normal 0 0 -1
    outer loop
      vertex 30.6955 -26.5307 0
      vertex 33.3498 -28.3941 0
      vertex 32.9866 -29.0001 0
    endloop
  endfacet
  facet normal 0 0 -1
    outer loop
      vertex 30.6955 -26.5307 0
      vertex 32.9866 -29.0001 0
      vertex 32.5657 -29.5676 0
    endloop
  endfacet
  facet normal 0 0 -1
    outer loop
      vertex 34.1653 -25.7057 0
      vertex 32.41 -25 0
      vertex 34.2 -25 0
    endloop
  endfacet
  facet normal 0 0 -1
    outer loop
      vertex 33.6519 -27.7553 0
      vertex 30.6955 -26.5307 0
      vertex 30.8278 -26.1611 0
    endloop
  endfacet
  facet normal 0 0 -1
    outer loop
      vertex 30.6955 -26.5307 0
      vertex 32.5657 -29.5676 0
      vertex 32.0912 -30.0912 0
    endloop
  endfacet
  facet normal 0 0 -1
    outer loop
      vertex 32.41 -18 0
      vertex 34.2 15 0
      vertex 34.2 -18 0
    endloop
  endfacet
  facet normal 0 0 -1
    outer loop
      vertex 31 15 0
      vertex 34.2 15 0
      vertex 32.41 -18 0
    endloop
  endfacet
  facet normal 0 0 -1
    outer loop
      vertex 31 15 0
      vertex 34.1653 15.7057 0
      vertex 34.2 15 0
    endloop
  endfacet
  facet normal 0 0 -1
    outer loop
      vertex 30.9807 15.3921 0
      vertex 34.1653 15.7057 0
      vertex 31 15 0
    endloop
  endfacet
  facet normal -0 0 -1
    outer loop
      vertex 34.1653 15.7057 0
      vertex 30.9807 15.3921 0
      vertex 34.0617 16.4046 0
    endloop
  endfacet
  facet normal 0 0 -1
    outer loop
      vertex 30.9231 15.7804 0
      vertex 34.0617 16.4046 0
      vertex 30.9807 15.3921 0
    endloop
  endfacet
  facet normal -0 0 -1
    outer loop
      vertex 34.0617 16.4046 0
      vertex 30.9231 15.7804 0
      vertex 33.89 17.09 0
    endloop
  endfacet
  facet normal 0 0 -1
    outer loop
      vertex 30.8278 16.1611 0
      vertex 33.89 17.09 0
      vertex 30.9231 15.7804 0
    endloop
  endfacet
  facet normal 0 0 -1
    outer loop
      vertex 32.41 -25 0
      vertex 31 -25 0
      vertex 32.41 -18 0
    endloop
  endfacet
  facet normal 0 0 -1
    outer loop
      vertex 31 15 0
      vertex 32.41 -18 0
      vertex 31 -25 0
    endloop
  endfacet
  facet normal 0 0 -1
    outer loop
      vertex 29.8284 -27.8284 0
      vertex 32.0912 -30.0912 0
      vertex 31.5676 -30.5657 0
    endloop
  endfacet
  facet normal -0 0 -1
    outer loop
      vertex 33.89 17.09 0
      vertex 30.8278 16.1611 0
      vertex 33.6519 17.7553 0
    endloop
  endfacet
  facet normal 0 0 -1
    outer loop
      vertex 29.5376 -28.092 0
      vertex 31.5676 -30.5657 0
      vertex 31.0001 -30.9866 0
    endloop
  endfacet
  facet normal 0 0 -1
    outer loop
      vertex 30.6955 16.5307 0
      vertex 33.6519 17.7553 0
      vertex 30.8278 16.1611 0
    endloop
  endfacet
  facet normal -0 0 -1
    outer loop
      vertex 33.6519 17.7553 0
      vertex 30.6955 16.5307 0
      vertex 33.3498 18.3941 0
    endloop
  endfacet
  facet normal -0 0 -1
    outer loop
      vertex 32.41 -25 0
      vertex 30.9807 -25.3921 0
      vertex 31 -25 0
    endloop
  endfacet
  facet normal 0 0 -1
    outer loop
      vertex 32.41 -25 0
      vertex 30.9231 -25.7804 0
      vertex 30.9807 -25.3921 0
    endloop
  endfacet
  facet normal 0 0 -1
    outer loop
      vertex 32.41 -25 0
      vertex 30.8278 -26.1611 0
      vertex 30.9231 -25.7804 0
    endloop
  endfacet
  facet normal 0 0 -1
    outer loop
      vertex 33.89 -27.09 0
      vertex 30.8278 -26.1611 0
      vertex 32.41 -25 0
    endloop
  endfacet
  facet normal 0 0 -1
    outer loop
      vertex 32.0912 -30.0912 0
      vertex 30.5277 -26.8856 0
      vertex 30.6955 -26.5307 0
    endloop
  endfacet
  facet normal 0 0 -1
    outer loop
      vertex 29.2223 -28.3259 0
      vertex 31.0001 -30.9866 0
      vertex 30.3941 -31.3498 0
    endloop
  endfacet
  facet normal 0 0 -1
    outer loop
      vertex 32.0912 -30.0912 0
      vertex 30.3259 -27.2223 0
      vertex 30.5277 -26.8856 0
    endloop
  endfacet
  facet normal 0 0 -1
    outer loop
      vertex 32.0912 -30.0912 0
      vertex 30.092 -27.5376 0
      vertex 30.3259 -27.2223 0
    endloop
  endfacet
  facet normal 0 0 -1
    outer loop
      vertex 32.0912 -30.0912 0
      vertex 29.8284 -27.8284 0
      vertex 30.092 -27.5376 0
    endloop
  endfacet
  facet normal 0 0 -1
    outer loop
      vertex 28.8856 -28.5277 0
      vertex 30.3941 -31.3498 0
      vertex 29.7553 -31.6519 0
    endloop
  endfacet
  facet normal 0 0 -1
    outer loop
      vertex 31.5676 -30.5657 0
      vertex 29.5376 -28.092 0
      vertex 29.8284 -27.8284 0
    endloop
  endfacet
  facet normal 0 0 -1
    outer loop
      vertex 31.0001 -30.9866 0
      vertex 29.2223 -28.3259 0
      vertex 29.5376 -28.092 0
    endloop
  endfacet
  facet normal 0 0 -1
    outer loop
      vertex 28.5307 -28.6955 0
      vertex 29.7553 -31.6519 0
      vertex 29.09 -31.89 0
    endloop
  endfacet
  facet normal 0 0 -1
    outer loop
      vertex 30.3941 -31.3498 0
      vertex 28.8856 -28.5277 0
      vertex 29.2223 -28.3259 0
    endloop
  endfacet
  facet normal 0 0 -1
    outer loop
      vertex 29.7553 -31.6519 0
      vertex 28.5307 -28.6955 0
      vertex 28.8856 -28.5277 0
    endloop
  endfacet
  facet normal 0 0 -1
    outer loop
      vertex 28.1611 -28.8278 0
      vertex 29.09 -31.89 0
      vertex 28.4046 -32.0617 0
    endloop
  endfacet
  facet normal 0 0 -1
    outer loop
      vertex 29.09 -31.89 0
      vertex 28.1611 -28.8278 0
      vertex 28.5307 -28.6955 0
    endloop
  endfacet
  facet normal 0 0 -1
    outer loop
      vertex 28.4046 -32.0617 0
      vertex 27.7804 -28.9231 0
      vertex 28.1611 -28.8278 0
    endloop
  endfacet
  facet normal 0 0 -1
    outer loop
      vertex 27.7057 -32.1653 0
      vertex 27.7804 -28.9231 0
      vertex 28.4046 -32.0617 0
    endloop
  endfacet
  facet normal 0 0 -1
    outer loop
      vertex 27.7057 -32.1653 0
      vertex 27.3921 -28.9807 0
      vertex 27.7804 -28.9231 0
    endloop
  endfacet
  facet normal 0 0 -1
    outer loop
      vertex 27 -32.2 0
      vertex 27.3921 -28.9807 0
      vertex 27.7057 -32.1653 0
    endloop
  endfacet
  facet normal 0 0 -1
    outer loop
      vertex 27 -32.2 0
      vertex 27 -29 0
      vertex 27.3921 -28.9807 0
    endloop
  endfacet
  facet normal 0 0 -1
    outer loop
      vertex -27 -32.2 0
      vertex 27 -29 0
      vertex 27 -32.2 0
    endloop
  endfacet
  facet normal 0 0 -1
    outer loop
      vertex -27 -32.2 0
      vertex -27 -29 0
      vertex 27 -29 0
    endloop
  endfacet
  facet normal 0 0 -1
    outer loop
      vertex -27 -32.2 0
      vertex -27.3921 -28.9807 0
      vertex -27 -29 0
    endloop
  endfacet
  facet normal 0 0 -1
    outer loop
      vertex -27.7057 -32.1653 0
      vertex -27.3921 -28.9807 0
      vertex -27 -32.2 0
    endloop
  endfacet
  facet normal 0 0 -1
    outer loop
      vertex -27.7057 -32.1653 0
      vertex -27.7804 -28.9231 0
      vertex -27.3921 -28.9807 0
    endloop
  endfacet
  facet normal 0 0 -1
    outer loop
      vertex -28.4046 -32.0617 0
      vertex -27.7804 -28.9231 0
      vertex -27.7057 -32.1653 0
    endloop
  endfacet
  facet normal -0 0 -1
    outer loop
      vertex -27.7804 -28.9231 0
      vertex -28.4046 -32.0617 0
      vertex -28.1611 -28.8278 0
    endloop
  endfacet
  facet normal 0 0 -1
    outer loop
      vertex -29.09 -31.89 0
      vertex -28.1611 -28.8278 0
      vertex -28.4046 -32.0617 0
    endloop
  endfacet
  facet normal -0 0 -1
    outer loop
      vertex -28.1611 -28.8278 0
      vertex -29.09 -31.89 0
      vertex -28.5307 -28.6955 0
    endloop
  endfacet
  facet normal 0 0 -1
    outer loop
      vertex -29.7553 -31.6519 0
      vertex -28.5307 -28.6955 0
      vertex -29.09 -31.89 0
    endloop
  endfacet
  facet normal -0 0 -1
    outer loop
      vertex -28.5307 -28.6955 0
      vertex -29.7553 -31.6519 0
      vertex -28.8856 -28.5277 0
    endloop
  endfacet
  facet normal 0 0 -1
    outer loop
      vertex -30.3941 -31.3498 0
      vertex -28.8856 -28.5277 0
      vertex -29.7553 -31.6519 0
    endloop
  endfacet
  facet normal -0 0 -1
    outer loop
      vertex -28.8856 -28.5277 0
      vertex -30.3941 -31.3498 0
      vertex -29.2223 -28.3259 0
    endloop
  endfacet
  facet normal 0 0 -1
    outer loop
      vertex -31.0001 -30.9866 0
      vertex -29.2223 -28.3259 0
      vertex -30.3941 -31.3498 0
    endloop
  endfacet
  facet normal -0 0 -1
    outer loop
      vertex -29.2223 -28.3259 0
      vertex -31.0001 -30.9866 0
      vertex -29.5376 -28.092 0
    endloop
  endfacet
  facet normal 0 0 -1
    outer loop
      vertex -31.5676 -30.5657 0
      vertex -29.5376 -28.092 0
      vertex -31.0001 -30.9866 0
    endloop
  endfacet
  facet normal -0 0 -1
    outer loop
      vertex -29.5376 -28.092 0
      vertex -31.5676 -30.5657 0
      vertex -29.8284 -27.8284 0
    endloop
  endfacet
  facet normal 0 0 -1
    outer loop
      vertex -32.0912 -30.0912 0
      vertex -29.8284 -27.8284 0
      vertex -31.5676 -30.5657 0
    endloop
  endfacet
  facet normal -0 0 -1
    outer loop
      vertex -29.8284 -27.8284 0
      vertex -32.0912 -30.0912 0
      vertex -30.092 -27.5376 0
    endloop
  endfacet
  facet normal 0 0 -1
    outer loop
      vertex -32.5657 -29.5676 0
      vertex -30.092 -27.5376 0
      vertex -32.0912 -30.0912 0
    endloop
  endfacet
  facet normal -0 0 -1
    outer loop
      vertex -30.092 -27.5376 0
      vertex -32.5657 -29.5676 0
      vertex -30.3259 -27.2223 0
    endloop
  endfacet
  facet normal 0 0 -1
    outer loop
      vertex -32.9866 -29.0001 0
      vertex -30.3259 -27.2223 0
      vertex -32.5657 -29.5676 0
    endloop
  endfacet
  facet normal -0 0 -1
    outer loop
      vertex -30.5277 -26.8856 0
      vertex -33.3498 -28.3941 0
      vertex -30.6955 -26.5307 0
    endloop
  endfacet
  facet normal 0 0 -1
    outer loop
      vertex -33.3498 -28.3941 0
      vertex -30.5277 -26.8856 0
      vertex -32.9866 -29.0001 0
    endloop
  endfacet
  facet normal -0 0 -1
    outer loop
      vertex -30.3259 -27.2223 0
      vertex -32.9866 -29.0001 0
      vertex -30.5277 -26.8856 0
    endloop
  endfacet
  facet normal 0 0 -1
    outer loop
      vertex -27 19 0
      vertex -23.8 22.2 0
      vertex -23.8 19 0
    endloop
  endfacet
  facet normal 0 0 -1
    outer loop
      vertex -27 19 0
      vertex -27 22.2 0
      vertex -23.8 22.2 0
    endloop
  endfacet
  facet normal 0 0 -1
    outer loop
      vertex -27.3921 18.9807 0
      vertex -27 22.2 0
      vertex -27 19 0
    endloop
  endfacet
  facet normal 0 0 -1
    outer loop
      vertex -27.3921 18.9807 0
      vertex -27.7057 22.1653 0
      vertex -27 22.2 0
    endloop
  endfacet
  facet normal 0 0 -1
    outer loop
      vertex -27.7804 18.9231 0
      vertex -27.7057 22.1653 0
      vertex -27.3921 18.9807 0
    endloop
  endfacet
  facet normal 0 0 -1
    outer loop
      vertex -28.4046 22.0617 0
      vertex -27.7804 18.9231 0
      vertex -28.1611 18.8278 0
    endloop
  endfacet
  facet normal 0 0 -1
    outer loop
      vertex -27.7804 18.9231 0
      vertex -28.4046 22.0617 0
      vertex -27.7057 22.1653 0
    endloop
  endfacet
  facet normal 0 0 -1
    outer loop
      vertex -29.09 21.89 0
      vertex -28.1611 18.8278 0
      vertex -28.5307 18.6955 0
    endloop
  endfacet
  facet normal 0 0 -1
    outer loop
      vertex -29.7553 21.6519 0
      vertex -28.5307 18.6955 0
      vertex -28.8856 18.5277 0
    endloop
  endfacet
  facet normal 0 0 -1
    outer loop
      vertex -28.1611 18.8278 0
      vertex -29.09 21.89 0
      vertex -28.4046 22.0617 0
    endloop
  endfacet
  facet normal 0 0 -1
    outer loop
      vertex -30.3941 21.3498 0
      vertex -28.8856 18.5277 0
      vertex -29.2223 18.3259 0
    endloop
  endfacet
  facet normal 0 0 -1
    outer loop
      vertex -31.0001 20.9866 0
      vertex -29.2223 18.3259 0
      vertex -29.5376 18.092 0
    endloop
  endfacet
  facet normal 0 0 -1
    outer loop
      vertex -28.5307 18.6955 0
      vertex -29.7553 21.6519 0
      vertex -29.09 21.89 0
    endloop
  endfacet
  facet normal 0 0 -1
    outer loop
      vertex -31.5676 20.5657 0
      vertex -29.5376 18.092 0
      vertex -29.8284 17.8284 0
    endloop
  endfacet
  facet normal 0 0 -1
    outer loop
      vertex -32.0912 20.0912 0
      vertex -29.8284 17.8284 0
      vertex -30.092 17.5376 0
    endloop
  endfacet
  facet normal 0 0 -1
    outer loop
      vertex -32.5657 19.5676 0
      vertex -30.092 17.5376 0
      vertex -30.3259 17.2223 0
    endloop
  endfacet
  facet normal 0 0 -1
    outer loop
      vertex -28.8856 18.5277 0
      vertex -30.3941 21.3498 0
      vertex -29.7553 21.6519 0
    endloop
  endfacet
  facet normal 0 0 -1
    outer loop
      vertex -32.9866 19.0001 0
      vertex -30.3259 17.2223 0
      vertex -30.5277 16.8856 0
    endloop
  endfacet
  facet normal 0 0 -1
    outer loop
      vertex -33.3498 18.3941 0
      vertex -30.5277 16.8856 0
      vertex -30.6955 16.5307 0
    endloop
  endfacet
  facet normal 0 0 -1
    outer loop
      vertex -33.6519 17.7553 0
      vertex -30.6955 16.5307 0
      vertex -30.8278 16.1611 0
    endloop
  endfacet
  facet normal 0 0 -1
    outer loop
      vertex -33.89 17.09 0
      vertex -30.8278 16.1611 0
      vertex -30.9231 15.7804 0
    endloop
  endfacet
  facet normal 0 0 -1
    outer loop
      vertex -34.0617 16.4046 0
      vertex -30.9231 15.7804 0
      vertex -30.9807 15.3921 0
    endloop
  endfacet
  facet normal 0 0 -1
    outer loop
      vertex -29.2223 18.3259 0
      vertex -31.0001 20.9866 0
      vertex -30.3941 21.3498 0
    endloop
  endfacet
  facet normal 0 0 -1
    outer loop
      vertex -34.1653 15.7057 0
      vertex -30.9807 15.3921 0
      vertex -31 15 0
    endloop
  endfacet
  facet normal 0 0 -1
    outer loop
      vertex -31 -25 0
      vertex -32.41 -18 0
      vertex -31 15 0
    endloop
  endfacet
  facet normal 0 0 -1
    outer loop
      vertex -33.6519 -27.7553 0
      vertex -30.6955 -26.5307 0
      vertex -33.3498 -28.3941 0
    endloop
  endfacet
  facet normal 0 0 -1
    outer loop
      vertex -34.2 15 0
      vertex -31 15 0
      vertex -32.41 -18 0
    endloop
  endfacet
  facet normal -0 0 -1
    outer loop
      vertex -30.6955 -26.5307 0
      vertex -33.6519 -27.7553 0
      vertex -30.8278 -26.1611 0
    endloop
  endfacet
  facet normal 0 -0 -1
    outer loop
      vertex -34.1653 15.7057 0
      vertex -31 15 0
      vertex -34.2 15 0
    endloop
  endfacet
  facet normal 0 0 -1
    outer loop
      vertex -31 -25 0
      vertex -32.41 -25 0
      vertex -32.41 -18 0
    endloop
  endfacet
  facet normal 0 0 -1
    outer loop
      vertex -33.89 -27.09 0
      vertex -30.8278 -26.1611 0
      vertex -33.6519 -27.7553 0
    endloop
  endfacet
  facet normal 0 -0 -1
    outer loop
      vertex -32.41 -25 0
      vertex -30.8278 -26.1611 0
      vertex -33.89 -27.09 0
    endloop
  endfacet
  facet normal 0 0 -1
    outer loop
      vertex -30.8278 -26.1611 0
      vertex -32.41 -25 0
      vertex -30.9231 -25.7804 0
    endloop
  endfacet
  facet normal 0 0 -1
    outer loop
      vertex -30.9807 -25.3921 0
      vertex -32.41 -25 0
      vertex -31 -25 0
    endloop
  endfacet
  facet normal 0 0 -1
    outer loop
      vertex -30.9231 -25.7804 0
      vertex -32.41 -25 0
      vertex -30.9807 -25.3921 0
    endloop
  endfacet
  facet normal 0 0 -1
    outer loop
      vertex -34.0617 -26.4046 0
      vertex -32.41 -25 0
      vertex -33.89 -27.09 0
    endloop
  endfacet
  facet normal 0 0 -1
    outer loop
      vertex -34.1653 -25.7057 0
      vertex -32.41 -25 0
      vertex -34.0617 -26.4046 0
    endloop
  endfacet
  facet normal -0 0 -1
    outer loop
      vertex -32.41 -25 0
      vertex -34.1653 -25.7057 0
      vertex -34.2 -25 0
    endloop
  endfacet
  facet normal 0 0 -1
    outer loop
      vertex -29.5376 18.092 0
      vertex -31.5676 20.5657 0
      vertex -31.0001 20.9866 0
    endloop
  endfacet
  facet normal 0 0 -1
    outer loop
      vertex -29.8284 17.8284 0
      vertex -32.0912 20.0912 0
      vertex -31.5676 20.5657 0
    endloop
  endfacet
  facet normal 0 0 -1
    outer loop
      vertex -30.092 17.5376 0
      vertex -32.5657 19.5676 0
      vertex -32.0912 20.0912 0
    endloop
  endfacet
  facet normal 0 0 -1
    outer loop
      vertex -30.3259 17.2223 0
      vertex -32.9866 19.0001 0
      vertex -32.5657 19.5676 0
    endloop
  endfacet
  facet normal 0 0 -1
    outer loop
      vertex -30.5277 16.8856 0
      vertex -33.3498 18.3941 0
      vertex -32.9866 19.0001 0
    endloop
  endfacet
  facet normal 0 0 -1
    outer loop
      vertex -30.6955 16.5307 0
      vertex -33.6519 17.7553 0
      vertex -33.3498 18.3941 0
    endloop
  endfacet
  facet normal 0 0 -1
    outer loop
      vertex -30.8278 16.1611 0
      vertex -33.89 17.09 0
      vertex -33.6519 17.7553 0
    endloop
  endfacet
  facet normal 0 0 -1
    outer loop
      vertex -30.9231 15.7804 0
      vertex -34.0617 16.4046 0
      vertex -33.89 17.09 0
    endloop
  endfacet
  facet normal 0 0 -1
    outer loop
      vertex -34.2 15 0
      vertex -32.41 -18 0
      vertex -34.2 -18 0
    endloop
  endfacet
  facet normal 0 0 -1
    outer loop
      vertex -30.9807 15.3921 0
      vertex -34.1653 15.7057 0
      vertex -34.0617 16.4046 0
    endloop
  endfacet
  facet normal 0.146631 0.989191 -0
    outer loop
      vertex 28.4046 22.0617 0
      vertex 27.7057 22.1653 18
      vertex 28.4046 22.0617 18
    endloop
  endfacet
  facet normal 0.146631 0.989191 0
    outer loop
      vertex 27.7057 22.1653 18
      vertex 28.4046 22.0617 0
      vertex 27.7057 22.1653 0
    endloop
  endfacet
  facet normal 0.243002 0.970026 -0
    outer loop
      vertex 29.09 21.89 0
      vertex 28.4046 22.0617 18
      vertex 29.09 21.89 18
    endloop
  endfacet
  facet normal 0.243002 0.970026 0
    outer loop
      vertex 28.4046 22.0617 18
      vertex 29.09 21.89 0
      vertex 28.4046 22.0617 0
    endloop
  endfacet
  facet normal 0.336955 0.941521 -0
    outer loop
      vertex 29.7553 21.6519 0
      vertex 29.09 21.89 18
      vertex 29.7553 21.6519 18
    endloop
  endfacet
  facet normal 0.336955 0.941521 0
    outer loop
      vertex 29.09 21.89 18
      vertex 29.7553 21.6519 0
      vertex 29.09 21.89 0
    endloop
  endfacet
  facet normal 0.427521 0.904006 -0
    outer loop
      vertex 30.3941 21.3498 0
      vertex 29.7553 21.6519 18
      vertex 30.3941 21.3498 18
    endloop
  endfacet
  facet normal 0.427521 0.904006 0
    outer loop
      vertex 29.7553 21.6519 18
      vertex 30.3941 21.3498 0
      vertex 29.7553 21.6519 0
    endloop
  endfacet
  facet normal 0.514079 0.857743 -0
    outer loop
      vertex 31.0001 20.9866 0
      vertex 30.3941 21.3498 18
      vertex 31.0001 20.9866 18
    endloop
  endfacet
  facet normal 0.514079 0.857743 0
    outer loop
      vertex 30.3941 21.3498 18
      vertex 31.0001 20.9866 0
      vertex 30.3941 21.3498 0
    endloop
  endfacet
  facet normal 0.595711 0.803199 -0
    outer loop
      vertex 31.5676 20.5657 0
      vertex 31.0001 20.9866 18
      vertex 31.5676 20.5657 18
    endloop
  endfacet
  facet normal 0.595711 0.803199 0
    outer loop
      vertex 31.0001 20.9866 18
      vertex 31.5676 20.5657 0
      vertex 31.0001 20.9866 0
    endloop
  endfacet
  facet normal 0.67151 0.740996 -0
    outer loop
      vertex 32.0912 20.0912 0
      vertex 31.5676 20.5657 18
      vertex 32.0912 20.0912 18
    endloop
  endfacet
  facet normal 0.67151 0.740996 0
    outer loop
      vertex 31.5676 20.5657 18
      vertex 32.0912 20.0912 0
      vertex 31.5676 20.5657 0
    endloop
  endfacet
  facet normal 0.740996 0.67151 0
    outer loop
      vertex 32.5657 19.5676 18
      vertex 32.0912 20.0912 0
      vertex 32.0912 20.0912 18
    endloop
  endfacet
  facet normal 0.740996 0.67151 0
    outer loop
      vertex 32.0912 20.0912 0
      vertex 32.5657 19.5676 18
      vertex 32.5657 19.5676 0
    endloop
  endfacet
  facet normal 0.803199 0.595711 0
    outer loop
      vertex 32.9866 19.0001 18
      vertex 32.5657 19.5676 0
      vertex 32.5657 19.5676 18
    endloop
  endfacet
  facet normal 0.803199 0.595711 0
    outer loop
      vertex 32.5657 19.5676 0
      vertex 32.9866 19.0001 18
      vertex 32.9866 19.0001 0
    endloop
  endfacet
  facet normal 0.857743 0.514079 0
    outer loop
      vertex 33.3498 18.3941 18
      vertex 32.9866 19.0001 0
      vertex 32.9866 19.0001 18
    endloop
  endfacet
  facet normal 0.857743 0.514079 0
    outer loop
      vertex 32.9866 19.0001 0
      vertex 33.3498 18.3941 18
      vertex 33.3498 18.3941 0
    endloop
  endfacet
  facet normal 0.904006 0.427521 0
    outer loop
      vertex 33.6519 17.7553 18
      vertex 33.3498 18.3941 0
      vertex 33.3498 18.3941 18
    endloop
  endfacet
  facet normal 0.904006 0.427521 0
    outer loop
      vertex 33.3498 18.3941 0
      vertex 33.6519 17.7553 18
      vertex 33.6519 17.7553 0
    endloop
  endfacet
  facet normal 0.941521 0.336955 0
    outer loop
      vertex 33.89 17.09 18
      vertex 33.6519 17.7553 0
      vertex 33.6519 17.7553 18
    endloop
  endfacet
  facet normal 0.941521 0.336955 0
    outer loop
      vertex 33.6519 17.7553 0
      vertex 33.89 17.09 18
      vertex 33.89 17.09 0
    endloop
  endfacet
  facet normal 0.970026 0.243002 0
    outer loop
      vertex 34.0617 16.4046 18
      vertex 33.89 17.09 0
      vertex 33.89 17.09 18
    endloop
  endfacet
  facet normal 0.970026 0.243002 0
    outer loop
      vertex 33.89 17.09 0
      vertex 34.0617 16.4046 18
      vertex 34.0617 16.4046 0
    endloop
  endfacet
  facet normal 0.989191 0.146631 0
    outer loop
      vertex 34.1653 15.7057 18
      vertex 34.0617 16.4046 0
      vertex 34.0617 16.4046 18
    endloop
  endfacet
  facet normal 0.989191 0.146631 0
    outer loop
      vertex 34.0617 16.4046 0
      vertex 34.1653 15.7057 18
      vertex 34.1653 15.7057 0
    endloop
  endfacet
  facet normal 0.998793 0.0491117 0
    outer loop
      vertex 34.2 15 18
      vertex 34.1653 15.7057 0
      vertex 34.1653 15.7057 18
    endloop
  endfacet
  facet normal 0.998793 0.0491117 0
    outer loop
      vertex 34.1653 15.7057 0
      vertex 34.2 15 18
      vertex 34.2 15 0
    endloop
  endfacet
  facet normal 1 0 0
    outer loop
      vertex 34.2 15 18
      vertex 34.2 14 15
      vertex 34.2 15 0
    endloop
  endfacet
  facet normal 1 0 0
    outer loop
      vertex 34.2 15 18
      vertex 34.2 11 15
      vertex 34.2 14 15
    endloop
  endfacet
  facet normal 1 0 0
    outer loop
      vertex 34.2 11 15
      vertex 34.2 -18 18
      vertex 34.2 11 3
    endloop
  endfacet
  facet normal 1 -0 0
    outer loop
      vertex 34.2 -18 18
      vertex 34.2 11 15
      vertex 34.2 15 18
    endloop
  endfacet
  facet normal 1 -0 0
    outer loop
      vertex 34.2 14 3
      vertex 34.2 15 0
      vertex 34.2 14 15
    endloop
  endfacet
  facet normal 1 -0 0
    outer loop
      vertex 34.2 11 3
      vertex 34.2 15 0
      vertex 34.2 14 3
    endloop
  endfacet
  facet normal 1 0 0
    outer loop
      vertex 34.2 -18 0
      vertex 34.2 11 3
      vertex 34.2 -18 18
    endloop
  endfacet
  facet normal 1 0 0
    outer loop
      vertex 34.2 11 3
      vertex 34.2 -18 0
      vertex 34.2 15 0
    endloop
  endfacet
  facet normal 0.998793 -0.0491117 0
    outer loop
      vertex 34.1653 -25.7057 18
      vertex 34.2 -25 0
      vertex 34.2 -25 18
    endloop
  endfacet
  facet normal 0.998793 -0.0491117 0
    outer loop
      vertex 34.2 -25 0
      vertex 34.1653 -25.7057 18
      vertex 34.1653 -25.7057 0
    endloop
  endfacet
  facet normal 0.989191 -0.146631 0
    outer loop
      vertex 34.0617 -26.4046 18
      vertex 34.1653 -25.7057 0
      vertex 34.1653 -25.7057 18
    endloop
  endfacet
  facet normal 0.989191 -0.146631 0
    outer loop
      vertex 34.1653 -25.7057 0
      vertex 34.0617 -26.4046 18
      vertex 34.0617 -26.4046 0
    endloop
  endfacet
  facet normal 0.970026 -0.243002 0
    outer loop
      vertex 33.89 -27.09 18
      vertex 34.0617 -26.4046 0
      vertex 34.0617 -26.4046 18
    endloop
  endfacet
  facet normal 0.970026 -0.243002 0
    outer loop
      vertex 34.0617 -26.4046 0
      vertex 33.89 -27.09 18
      vertex 33.89 -27.09 0
    endloop
  endfacet
  facet normal 0.941521 -0.336955 0
    outer loop
      vertex 33.6519 -27.7553 18
      vertex 33.89 -27.09 0
      vertex 33.89 -27.09 18
    endloop
  endfacet
  facet normal 0.941521 -0.336955 0
    outer loop
      vertex 33.89 -27.09 0
      vertex 33.6519 -27.7553 18
      vertex 33.6519 -27.7553 0
    endloop
  endfacet
  facet normal 0.904006 -0.427521 0
    outer loop
      vertex 33.3498 -28.3941 18
      vertex 33.6519 -27.7553 0
      vertex 33.6519 -27.7553 18
    endloop
  endfacet
  facet normal 0.904006 -0.427521 0
    outer loop
      vertex 33.6519 -27.7553 0
      vertex 33.3498 -28.3941 18
      vertex 33.3498 -28.3941 0
    endloop
  endfacet
  facet normal 0.857743 -0.514079 0
    outer loop
      vertex 32.9866 -29.0001 18
      vertex 33.3498 -28.3941 0
      vertex 33.3498 -28.3941 18
    endloop
  endfacet
  facet normal 0.857743 -0.514079 0
    outer loop
      vertex 33.3498 -28.3941 0
      vertex 32.9866 -29.0001 18
      vertex 32.9866 -29.0001 0
    endloop
  endfacet
  facet normal 0.803199 -0.595711 0
    outer loop
      vertex 32.5657 -29.5676 18
      vertex 32.9866 -29.0001 0
      vertex 32.9866 -29.0001 18
    endloop
  endfacet
  facet normal 0.803199 -0.595711 0
    outer loop
      vertex 32.9866 -29.0001 0
      vertex 32.5657 -29.5676 18
      vertex 32.5657 -29.5676 0
    endloop
  endfacet
  facet normal 0.740996 -0.67151 0
    outer loop
      vertex 32.0912 -30.0912 18
      vertex 32.5657 -29.5676 0
      vertex 32.5657 -29.5676 18
    endloop
  endfacet
  facet normal 0.740996 -0.67151 0
    outer loop
      vertex 32.5657 -29.5676 0
      vertex 32.0912 -30.0912 18
      vertex 32.0912 -30.0912 0
    endloop
  endfacet
  facet normal 0.67151 -0.740996 0
    outer loop
      vertex 31.5676 -30.5657 0
      vertex 32.0912 -30.0912 18
      vertex 31.5676 -30.5657 18
    endloop
  endfacet
  facet normal 0.67151 -0.740996 0
    outer loop
      vertex 32.0912 -30.0912 18
      vertex 31.5676 -30.5657 0
      vertex 32.0912 -30.0912 0
    endloop
  endfacet
  facet normal 0.595711 -0.803199 0
    outer loop
      vertex 31.0001 -30.9866 0
      vertex 31.5676 -30.5657 18
      vertex 31.0001 -30.9866 18
    endloop
  endfacet
  facet normal 0.595711 -0.803199 0
    outer loop
      vertex 31.5676 -30.5657 18
      vertex 31.0001 -30.9866 0
      vertex 31.5676 -30.5657 0
    endloop
  endfacet
  facet normal 0.514079 -0.857743 0
    outer loop
      vertex 30.3941 -31.3498 0
      vertex 31.0001 -30.9866 18
      vertex 30.3941 -31.3498 18
    endloop
  endfacet
  facet normal 0.514079 -0.857743 0
    outer loop
      vertex 31.0001 -30.9866 18
      vertex 30.3941 -31.3498 0
      vertex 31.0001 -30.9866 0
    endloop
  endfacet
  facet normal 0.427521 -0.904006 0
    outer loop
      vertex 29.7553 -31.6519 0
      vertex 30.3941 -31.3498 18
      vertex 29.7553 -31.6519 18
    endloop
  endfacet
  facet normal 0.427521 -0.904006 0
    outer loop
      vertex 30.3941 -31.3498 18
      vertex 29.7553 -31.6519 0
      vertex 30.3941 -31.3498 0
    endloop
  endfacet
  facet normal 0.336955 -0.941521 0
    outer loop
      vertex 29.09 -31.89 0
      vertex 29.7553 -31.6519 18
      vertex 29.09 -31.89 18
    endloop
  endfacet
  facet normal 0.336955 -0.941521 0
    outer loop
      vertex 29.7553 -31.6519 18
      vertex 29.09 -31.89 0
      vertex 29.7553 -31.6519 0
    endloop
  endfacet
  facet normal 0.243002 -0.970026 0
    outer loop
      vertex 28.4046 -32.0617 0
      vertex 29.09 -31.89 18
      vertex 28.4046 -32.0617 18
    endloop
  endfacet
  facet normal 0.243002 -0.970026 0
    outer loop
      vertex 29.09 -31.89 18
      vertex 28.4046 -32.0617 0
      vertex 29.09 -31.89 0
    endloop
  endfacet
  facet normal 0.146631 -0.989191 0
    outer loop
      vertex 27.7057 -32.1653 0
      vertex 28.4046 -32.0617 18
      vertex 27.7057 -32.1653 18
    endloop
  endfacet
  facet normal 0.146631 -0.989191 0
    outer loop
      vertex 28.4046 -32.0617 18
      vertex 27.7057 -32.1653 0
      vertex 28.4046 -32.0617 0
    endloop
  endfacet
  facet normal 0.0491117 -0.998793 0
    outer loop
      vertex 27 -32.2 0
      vertex 27.7057 -32.1653 18
      vertex 27 -32.2 18
    endloop
  endfacet
  facet normal 0.0491117 -0.998793 0
    outer loop
      vertex 27.7057 -32.1653 18
      vertex 27 -32.2 0
      vertex 27.7057 -32.1653 0
    endloop
  endfacet
  facet normal 0 -1 0
    outer loop
      vertex -27 -32.2 0
      vertex 27 -32.2 18
      vertex -27 -32.2 18
    endloop
  endfacet
  facet normal 0 -1 -0
    outer loop
      vertex 27 -32.2 18
      vertex -27 -32.2 0
      vertex 27 -32.2 0
    endloop
  endfacet
  facet normal -0.0491117 -0.998793 0
    outer loop
      vertex -27.7057 -32.1653 0
      vertex -27 -32.2 18
      vertex -27.7057 -32.1653 18
    endloop
  endfacet
  facet normal -0.0491117 -0.998793 -0
    outer loop
      vertex -27 -32.2 18
      vertex -27.7057 -32.1653 0
      vertex -27 -32.2 0
    endloop
  endfacet
  facet normal -0.146631 -0.989191 0
    outer loop
      vertex -28.4046 -32.0617 0
      vertex -27.7057 -32.1653 18
      vertex -28.4046 -32.0617 18
    endloop
  endfacet
  facet normal -0.146631 -0.989191 -0
    outer loop
      vertex -27.7057 -32.1653 18
      vertex -28.4046 -32.0617 0
      vertex -27.7057 -32.1653 0
    endloop
  endfacet
  facet normal -0.243002 -0.970026 0
    outer loop
      vertex -29.09 -31.89 0
      vertex -28.4046 -32.0617 18
      vertex -29.09 -31.89 18
    endloop
  endfacet
  facet normal -0.243002 -0.970026 -0
    outer loop
      vertex -28.4046 -32.0617 18
      vertex -29.09 -31.89 0
      vertex -28.4046 -32.0617 0
    endloop
  endfacet
  facet normal -0.336955 -0.941521 0
    outer loop
      vertex -29.7553 -31.6519 0
      vertex -29.09 -31.89 18
      vertex -29.7553 -31.6519 18
    endloop
  endfacet
  facet normal -0.336955 -0.941521 -0
    outer loop
      vertex -29.09 -31.89 18
      vertex -29.7553 -31.6519 0
      vertex -29.09 -31.89 0
    endloop
  endfacet
  facet normal -0.427521 -0.904006 0
    outer loop
      vertex -30.3941 -31.3498 0
      vertex -29.7553 -31.6519 18
      vertex -30.3941 -31.3498 18
    endloop
  endfacet
  facet normal -0.427521 -0.904006 -0
    outer loop
      vertex -29.7553 -31.6519 18
      vertex -30.3941 -31.3498 0
      vertex -29.7553 -31.6519 0
    endloop
  endfacet
  facet normal -0.514079 -0.857743 0
    outer loop
      vertex -31.0001 -30.9866 0
      vertex -30.3941 -31.3498 18
      vertex -31.0001 -30.9866 18
    endloop
  endfacet
  facet normal -0.514079 -0.857743 -0
    outer loop
      vertex -30.3941 -31.3498 18
      vertex -31.0001 -30.9866 0
      vertex -30.3941 -31.3498 0
    endloop
  endfacet
  facet normal -0.595711 -0.803199 0
    outer loop
      vertex -31.5676 -30.5657 0
      vertex -31.0001 -30.9866 18
      vertex -31.5676 -30.5657 18
    endloop
  endfacet
  facet normal -0.595711 -0.803199 -0
    outer loop
      vertex -31.0001 -30.9866 18
      vertex -31.5676 -30.5657 0
      vertex -31.0001 -30.9866 0
    endloop
  endfacet
  facet normal -0.67151 -0.740996 0
    outer loop
      vertex -32.0912 -30.0912 0
      vertex -31.5676 -30.5657 18
      vertex -32.0912 -30.0912 18
    endloop
  endfacet
  facet normal -0.67151 -0.740996 -0
    outer loop
      vertex -31.5676 -30.5657 18
      vertex -32.0912 -30.0912 0
      vertex -31.5676 -30.5657 0
    endloop
  endfacet
  facet normal -0.740996 -0.67151 0
    outer loop
      vertex -32.0912 -30.0912 0
      vertex -32.5657 -29.5676 18
      vertex -32.5657 -29.5676 0
    endloop
  endfacet
  facet normal -0.740996 -0.67151 0
    outer loop
      vertex -32.5657 -29.5676 18
      vertex -32.0912 -30.0912 0
      vertex -32.0912 -30.0912 18
    endloop
  endfacet
  facet normal -0.803199 -0.595711 0
    outer loop
      vertex -32.5657 -29.5676 0
      vertex -32.9866 -29.0001 18
      vertex -32.9866 -29.0001 0
    endloop
  endfacet
  facet normal -0.803199 -0.595711 0
    outer loop
      vertex -32.9866 -29.0001 18
      vertex -32.5657 -29.5676 0
      vertex -32.5657 -29.5676 18
    endloop
  endfacet
  facet normal -0.857743 -0.514079 0
    outer loop
      vertex -32.9866 -29.0001 0
      vertex -33.3498 -28.3941 18
      vertex -33.3498 -28.3941 0
    endloop
  endfacet
  facet normal -0.857743 -0.514079 0
    outer loop
      vertex -33.3498 -28.3941 18
      vertex -32.9866 -29.0001 0
      vertex -32.9866 -29.0001 18
    endloop
  endfacet
  facet normal -0.904006 -0.427521 0
    outer loop
      vertex -33.3498 -28.3941 0
      vertex -33.6519 -27.7553 18
      vertex -33.6519 -27.7553 0
    endloop
  endfacet
  facet normal -0.904006 -0.427521 0
    outer loop
      vertex -33.6519 -27.7553 18
      vertex -33.3498 -28.3941 0
      vertex -33.3498 -28.3941 18
    endloop
  endfacet
  facet normal -0.941521 -0.336955 0
    outer loop
      vertex -33.6519 -27.7553 0
      vertex -33.89 -27.09 18
      vertex -33.89 -27.09 0
    endloop
  endfacet
  facet normal -0.941521 -0.336955 0
    outer loop
      vertex -33.89 -27.09 18
      vertex -33.6519 -27.7553 0
      vertex -33.6519 -27.7553 18
    endloop
  endfacet
  facet normal -0.970026 -0.243002 0
    outer loop
      vertex -33.89 -27.09 0
      vertex -34.0617 -26.4046 18
      vertex -34.0617 -26.4046 0
    endloop
  endfacet
  facet normal -0.970026 -0.243002 0
    outer loop
      vertex -34.0617 -26.4046 18
      vertex -33.89 -27.09 0
      vertex -33.89 -27.09 18
    endloop
  endfacet
  facet normal -0.989191 -0.146631 0
    outer loop
      vertex -34.0617 -26.4046 0
      vertex -34.1653 -25.7057 18
      vertex -34.1653 -25.7057 0
    endloop
  endfacet
  facet normal -0.989191 -0.146631 0
    outer loop
      vertex -34.1653 -25.7057 18
      vertex -34.0617 -26.4046 0
      vertex -34.0617 -26.4046 18
    endloop
  endfacet
  facet normal -0.998793 -0.0491117 0
    outer loop
      vertex -34.1653 -25.7057 0
      vertex -34.2 -25 18
      vertex -34.2 -25 0
    endloop
  endfacet
  facet normal -0.998793 -0.0491117 0
    outer loop
      vertex -34.2 -25 18
      vertex -34.1653 -25.7057 0
      vertex -34.1653 -25.7057 18
    endloop
  endfacet
  facet normal -1 0 0
    outer loop
      vertex -34.2 15 0
      vertex -34.2 14 3
      vertex -34.2 15 18
    endloop
  endfacet
  facet normal -1 0 0
    outer loop
      vertex -34.2 15 0
      vertex -34.2 11 3
      vertex -34.2 14 3
    endloop
  endfacet
  facet normal -1 -0 0
    outer loop
      vertex -34.2 11 3
      vertex -34.2 -18 0
      vertex -34.2 11 15
    endloop
  endfacet
  facet normal -1 0 0
    outer loop
      vertex -34.2 -18 0
      vertex -34.2 11 3
      vertex -34.2 15 0
    endloop
  endfacet
  facet normal -1 0 0
    outer loop
      vertex -34.2 14 15
      vertex -34.2 15 18
      vertex -34.2 14 3
    endloop
  endfacet
  facet normal -1 0 0
    outer loop
      vertex -34.2 11 15
      vertex -34.2 15 18
      vertex -34.2 14 15
    endloop
  endfacet
  facet normal -1 0 0
    outer loop
      vertex -34.2 -18 18
      vertex -34.2 11 15
      vertex -34.2 -18 0
    endloop
  endfacet
  facet normal -1 0 0
    outer loop
      vertex -34.2 11 15
      vertex -34.2 -18 18
      vertex -34.2 15 18
    endloop
  endfacet
  facet normal -0.998793 0.0491117 0
    outer loop
      vertex -34.2 15 0
      vertex -34.1653 15.7057 18
      vertex -34.1653 15.7057 0
    endloop
  endfacet
  facet normal -0.998793 0.0491117 0
    outer loop
      vertex -34.1653 15.7057 18
      vertex -34.2 15 0
      vertex -34.2 15 18
    endloop
  endfacet
  facet normal -0.989191 0.146631 0
    outer loop
      vertex -34.1653 15.7057 0
      vertex -34.0617 16.4046 18
      vertex -34.0617 16.4046 0
    endloop
  endfacet
  facet normal -0.989191 0.146631 0
    outer loop
      vertex -34.0617 16.4046 18
      vertex -34.1653 15.7057 0
      vertex -34.1653 15.7057 18
    endloop
  endfacet
  facet normal -0.970026 0.243002 0
    outer loop
      vertex -34.0617 16.4046 0
      vertex -33.89 17.09 18
      vertex -33.89 17.09 0
    endloop
  endfacet
  facet normal -0.970026 0.243002 0
    outer loop
      vertex -33.89 17.09 18
      vertex -34.0617 16.4046 0
      vertex -34.0617 16.4046 18
    endloop
  endfacet
  facet normal -0.941521 0.336955 0
    outer loop
      vertex -33.89 17.09 0
      vertex -33.6519 17.7553 18
      vertex -33.6519 17.7553 0
    endloop
  endfacet
  facet normal -0.941521 0.336955 0
    outer loop
      vertex -33.6519 17.7553 18
      vertex -33.89 17.09 0
      vertex -33.89 17.09 18
    endloop
  endfacet
  facet normal -0.904006 0.427521 0
    outer loop
      vertex -33.6519 17.7553 0
      vertex -33.3498 18.3941 18
      vertex -33.3498 18.3941 0
    endloop
  endfacet
  facet normal -0.904006 0.427521 0
    outer loop
      vertex -33.3498 18.3941 18
      vertex -33.6519 17.7553 0
      vertex -33.6519 17.7553 18
    endloop
  endfacet
  facet normal -0.857743 0.514079 0
    outer loop
      vertex -33.3498 18.3941 0
      vertex -32.9866 19.0001 18
      vertex -32.9866 19.0001 0
    endloop
  endfacet
  facet normal -0.857743 0.514079 0
    outer loop
      vertex -32.9866 19.0001 18
      vertex -33.3498 18.3941 0
      vertex -33.3498 18.3941 18
    endloop
  endfacet
  facet normal -0.803199 0.595711 0
    outer loop
      vertex -32.9866 19.0001 0
      vertex -32.5657 19.5676 18
      vertex -32.5657 19.5676 0
    endloop
  endfacet
  facet normal -0.803199 0.595711 0
    outer loop
      vertex -32.5657 19.5676 18
      vertex -32.9866 19.0001 0
      vertex -32.9866 19.0001 18
    endloop
  endfacet
  facet normal -0.740996 0.67151 0
    outer loop
      vertex -32.5657 19.5676 0
      vertex -32.0912 20.0912 18
      vertex -32.0912 20.0912 0
    endloop
  endfacet
  facet normal -0.740996 0.67151 0
    outer loop
      vertex -32.0912 20.0912 18
      vertex -32.5657 19.5676 0
      vertex -32.5657 19.5676 18
    endloop
  endfacet
  facet normal -0.67151 0.740996 0
    outer loop
      vertex -31.5676 20.5657 0
      vertex -32.0912 20.0912 18
      vertex -31.5676 20.5657 18
    endloop
  endfacet
  facet normal -0.67151 0.740996 0
    outer loop
      vertex -32.0912 20.0912 18
      vertex -31.5676 20.5657 0
      vertex -32.0912 20.0912 0
    endloop
  endfacet
  facet normal -0.595711 0.803199 0
    outer loop
      vertex -31.0001 20.9866 0
      vertex -31.5676 20.5657 18
      vertex -31.0001 20.9866 18
    endloop
  endfacet
  facet normal -0.595711 0.803199 0
    outer loop
      vertex -31.5676 20.5657 18
      vertex -31.0001 20.9866 0
      vertex -31.5676 20.5657 0
    endloop
  endfacet
  facet normal -0.514079 0.857743 0
    outer loop
      vertex -30.3941 21.3498 0
      vertex -31.0001 20.9866 18
      vertex -30.3941 21.3498 18
    endloop
  endfacet
  facet normal -0.514079 0.857743 0
    outer loop
      vertex -31.0001 20.9866 18
      vertex -30.3941 21.3498 0
      vertex -31.0001 20.9866 0
    endloop
  endfacet
  facet normal -0.427521 0.904006 0
    outer loop
      vertex -29.7553 21.6519 0
      vertex -30.3941 21.3498 18
      vertex -29.7553 21.6519 18
    endloop
  endfacet
  facet normal -0.427521 0.904006 0
    outer loop
      vertex -30.3941 21.3498 18
      vertex -29.7553 21.6519 0
      vertex -30.3941 21.3498 0
    endloop
  endfacet
  facet normal -0.336955 0.941521 0
    outer loop
      vertex -29.09 21.89 0
      vertex -29.7553 21.6519 18
      vertex -29.09 21.89 18
    endloop
  endfacet
  facet normal -0.336955 0.941521 0
    outer loop
      vertex -29.7553 21.6519 18
      vertex -29.09 21.89 0
      vertex -29.7553 21.6519 0
    endloop
  endfacet
  facet normal -0.243002 0.970026 0
    outer loop
      vertex -28.4046 22.0617 0
      vertex -29.09 21.89 18
      vertex -28.4046 22.0617 18
    endloop
  endfacet
  facet normal -0.243002 0.970026 0
    outer loop
      vertex -29.09 21.89 18
      vertex -28.4046 22.0617 0
      vertex -29.09 21.89 0
    endloop
  endfacet
  facet normal -0.146631 0.989191 0
    outer loop
      vertex -27.7057 22.1653 0
      vertex -28.4046 22.0617 18
      vertex -27.7057 22.1653 18
    endloop
  endfacet
  facet normal -0.146631 0.989191 0
    outer loop
      vertex -28.4046 22.0617 18
      vertex -27.7057 22.1653 0
      vertex -28.4046 22.0617 0
    endloop
  endfacet
  facet normal -0.0491117 0.998793 0
    outer loop
      vertex -27 22.2 0
      vertex -27.7057 22.1653 18
      vertex -27 22.2 18
    endloop
  endfacet
  facet normal -0.0491117 0.998793 0
    outer loop
      vertex -27.7057 22.1653 18
      vertex -27 22.2 0
      vertex -27.7057 22.1653 0
    endloop
  endfacet
  facet normal 0 1 -0
    outer loop
      vertex 27 22.2 0
      vertex 23.8 22.2 18
      vertex 27 22.2 18
    endloop
  endfacet
  facet normal 0 1 0
    outer loop
      vertex 23.8 22.2 18
      vertex 27 22.2 0
      vertex 23.8 22.2 0
    endloop
  endfacet
  facet normal 0 1 -0
    outer loop
      vertex -23.8 22.2 0
      vertex -27 22.2 18
      vertex -23.8 22.2 18
    endloop
  endfacet
  facet normal 0 1 0
    outer loop
      vertex -27 22.2 18
      vertex -23.8 22.2 0
      vertex -27 22.2 0
    endloop
  endfacet
  facet normal 0.0491117 0.998793 -0
    outer loop
      vertex 27.7057 22.1653 0
      vertex 27 22.2 18
      vertex 27.7057 22.1653 18
    endloop
  endfacet
  facet normal 0.0491117 0.998793 0
    outer loop
      vertex 27 22.2 18
      vertex 27.7057 22.1653 0
      vertex 27 22.2 0
    endloop
  endfacet
  facet normal 0.0491626 -0.998791 0
    outer loop
      vertex -27.3921 18.9807 0
      vertex -27 19 18
      vertex -27.3921 18.9807 18
    endloop
  endfacet
  facet normal 0.0491626 -0.998791 0
    outer loop
      vertex -27 19 18
      vertex -27.3921 18.9807 0
      vertex -27 19 0
    endloop
  endfacet
  facet normal 0.146733 -0.989176 0
    outer loop
      vertex -27.7804 18.9231 0
      vertex -27.3921 18.9807 18
      vertex -27.7804 18.9231 18
    endloop
  endfacet
  facet normal 0.146733 -0.989176 0
    outer loop
      vertex -27.3921 18.9807 18
      vertex -27.7804 18.9231 0
      vertex -27.3921 18.9807 0
    endloop
  endfacet
  facet normal 0.242835 -0.970068 0
    outer loop
      vertex -28.1611 18.8278 0
      vertex -27.7804 18.9231 18
      vertex -28.1611 18.8278 18
    endloop
  endfacet
  facet normal 0.242835 -0.970068 0
    outer loop
      vertex -27.7804 18.9231 18
      vertex -28.1611 18.8278 0
      vertex -27.7804 18.9231 0
    endloop
  endfacet
  facet normal 0.337014 -0.9415 0
    outer loop
      vertex -28.5307 18.6955 0
      vertex -28.1611 18.8278 18
      vertex -28.5307 18.6955 18
    endloop
  endfacet
  facet normal 0.337014 -0.9415 0
    outer loop
      vertex -28.1611 18.8278 18
      vertex -28.5307 18.6955 0
      vertex -28.1611 18.8278 0
    endloop
  endfacet
  facet normal 0.42744 -0.904044 0
    outer loop
      vertex -28.8856 18.5277 0
      vertex -28.5307 18.6955 18
      vertex -28.8856 18.5277 18
    endloop
  endfacet
  facet normal 0.42744 -0.904044 0
    outer loop
      vertex -28.5307 18.6955 18
      vertex -28.8856 18.5277 0
      vertex -28.5307 18.6955 0
    endloop
  endfacet
  facet normal 0.514084 -0.85774 0
    outer loop
      vertex -29.2223 18.3259 0
      vertex -28.8856 18.5277 18
      vertex -29.2223 18.3259 18
    endloop
  endfacet
  facet normal 0.514084 -0.85774 0
    outer loop
      vertex -28.8856 18.5277 18
      vertex -29.2223 18.3259 0
      vertex -28.8856 18.5277 0
    endloop
  endfacet
  facet normal 0.595794 -0.803137 0
    outer loop
      vertex -29.5376 18.092 0
      vertex -29.2223 18.3259 18
      vertex -29.5376 18.092 18
    endloop
  endfacet
  facet normal 0.595794 -0.803137 0
    outer loop
      vertex -29.2223 18.3259 18
      vertex -29.5376 18.092 0
      vertex -29.2223 18.3259 0
    endloop
  endfacet
  facet normal 0.671607 -0.740908 0
    outer loop
      vertex -29.8284 17.8284 0
      vertex -29.5376 18.092 18
      vertex -29.8284 17.8284 18
    endloop
  endfacet
  facet normal 0.671607 -0.740908 0
    outer loop
      vertex -29.5376 18.092 18
      vertex -29.8284 17.8284 0
      vertex -29.5376 18.092 0
    endloop
  endfacet
  facet normal 0.740908 -0.671607 0
    outer loop
      vertex -30.092 17.5376 18
      vertex -29.8284 17.8284 0
      vertex -29.8284 17.8284 18
    endloop
  endfacet
  facet normal 0.740908 -0.671607 0
    outer loop
      vertex -29.8284 17.8284 0
      vertex -30.092 17.5376 18
      vertex -30.092 17.5376 0
    endloop
  endfacet
  facet normal 0.803137 -0.595794 0
    outer loop
      vertex -30.3259 17.2223 18
      vertex -30.092 17.5376 0
      vertex -30.092 17.5376 18
    endloop
  endfacet
  facet normal 0.803137 -0.595794 0
    outer loop
      vertex -30.092 17.5376 0
      vertex -30.3259 17.2223 18
      vertex -30.3259 17.2223 0
    endloop
  endfacet
  facet normal 0.85774 -0.514084 0
    outer loop
      vertex -30.5277 16.8856 18
      vertex -30.3259 17.2223 0
      vertex -30.3259 17.2223 18
    endloop
  endfacet
  facet normal 0.85774 -0.514084 0
    outer loop
      vertex -30.3259 17.2223 0
      vertex -30.5277 16.8856 18
      vertex -30.5277 16.8856 0
    endloop
  endfacet
  facet normal 0.904044 -0.42744 0
    outer loop
      vertex -30.6955 16.5307 18
      vertex -30.5277 16.8856 0
      vertex -30.5277 16.8856 18
    endloop
  endfacet
  facet normal 0.904044 -0.42744 0
    outer loop
      vertex -30.5277 16.8856 0
      vertex -30.6955 16.5307 18
      vertex -30.6955 16.5307 0
    endloop
  endfacet
  facet normal 0.9415 -0.337014 0
    outer loop
      vertex -30.8278 16.1611 18
      vertex -30.6955 16.5307 0
      vertex -30.6955 16.5307 18
    endloop
  endfacet
  facet normal 0.9415 -0.337014 0
    outer loop
      vertex -30.6955 16.5307 0
      vertex -30.8278 16.1611 18
      vertex -30.8278 16.1611 0
    endloop
  endfacet
  facet normal 0.970068 -0.242835 0
    outer loop
      vertex -30.9231 15.7804 18
      vertex -30.8278 16.1611 0
      vertex -30.8278 16.1611 18
    endloop
  endfacet
  facet normal 0.970068 -0.242835 0
    outer loop
      vertex -30.8278 16.1611 0
      vertex -30.9231 15.7804 18
      vertex -30.9231 15.7804 0
    endloop
  endfacet
  facet normal 0.989176 -0.146733 0
    outer loop
      vertex -30.9807 15.3921 18
      vertex -30.9231 15.7804 0
      vertex -30.9231 15.7804 18
    endloop
  endfacet
  facet normal 0.989176 -0.146733 0
    outer loop
      vertex -30.9231 15.7804 0
      vertex -30.9807 15.3921 18
      vertex -30.9807 15.3921 0
    endloop
  endfacet
  facet normal 0.998791 -0.0491626 0
    outer loop
      vertex -31 15 18
      vertex -30.9807 15.3921 0
      vertex -30.9807 15.3921 18
    endloop
  endfacet
  facet normal 0.998791 -0.0491626 0
    outer loop
      vertex -30.9807 15.3921 0
      vertex -31 15 18
      vertex -31 15 0
    endloop
  endfacet
  facet normal 1 0 0
    outer loop
      vertex -31 15 18
      vertex -31 14 15
      vertex -31 15 0
    endloop
  endfacet
  facet normal 1 0 0
    outer loop
      vertex -31 15 18
      vertex -31 11 15
      vertex -31 14 15
    endloop
  endfacet
  facet normal 1 0 0
    outer loop
      vertex -31 11 15
      vertex -31 2 15
      vertex -31 11 3
    endloop
  endfacet
  facet normal 1 0 0
    outer loop
      vertex -31 15 18
      vertex -31 2 15
      vertex -31 11 15
    endloop
  endfacet
  facet normal 1 0 0
    outer loop
      vertex -31 15 18
      vertex -31 -12 15
      vertex -31 2 15
    endloop
  endfacet
  facet normal 1 0 0
    outer loop
      vertex -31 -12 15
      vertex -31 -25 18
      vertex -31 -12 3
    endloop
  endfacet
  facet normal 1 -0 0
    outer loop
      vertex -31 -25 18
      vertex -31 -12 15
      vertex -31 15 18
    endloop
  endfacet
  facet normal 1 -0 0
    outer loop
      vertex -31 14 3
      vertex -31 15 0
      vertex -31 14 15
    endloop
  endfacet
  facet normal 1 -0 0
    outer loop
      vertex -31 11 3
      vertex -31 15 0
      vertex -31 14 3
    endloop
  endfacet
  facet normal 1 0 0
    outer loop
      vertex -31 2 3
      vertex -31 11 3
      vertex -31 2 15
    endloop
  endfacet
  facet normal 1 -0 0
    outer loop
      vertex -31 2 3
      vertex -31 15 0
      vertex -31 11 3
    endloop
  endfacet
  facet normal 1 -0 0
    outer loop
      vertex -31 -12 3
      vertex -31 15 0
      vertex -31 2 3
    endloop
  endfacet
  facet normal 1 0 0
    outer loop
      vertex -31 -12 3
      vertex -31 -25 0
      vertex -31 15 0
    endloop
  endfacet
  facet normal 1 0 0
    outer loop
      vertex -31 -25 0
      vertex -31 -12 3
      vertex -31 -25 18
    endloop
  endfacet
  facet normal 0.998791 0.0491626 0
    outer loop
      vertex -30.9807 -25.3921 18
      vertex -31 -25 0
      vertex -31 -25 18
    endloop
  endfacet
  facet normal 0.998791 0.0491626 0
    outer loop
      vertex -31 -25 0
      vertex -30.9807 -25.3921 18
      vertex -30.9807 -25.3921 0
    endloop
  endfacet
  facet normal 0.989176 0.146733 0
    outer loop
      vertex -30.9231 -25.7804 18
      vertex -30.9807 -25.3921 0
      vertex -30.9807 -25.3921 18
    endloop
  endfacet
  facet normal 0.989176 0.146733 0
    outer loop
      vertex -30.9807 -25.3921 0
      vertex -30.9231 -25.7804 18
      vertex -30.9231 -25.7804 0
    endloop
  endfacet
  facet normal 0.970068 0.242835 0
    outer loop
      vertex -30.8278 -26.1611 18
      vertex -30.9231 -25.7804 0
      vertex -30.9231 -25.7804 18
    endloop
  endfacet
  facet normal 0.970068 0.242835 0
    outer loop
      vertex -30.9231 -25.7804 0
      vertex -30.8278 -26.1611 18
      vertex -30.8278 -26.1611 0
    endloop
  endfacet
  facet normal 0.9415 0.337014 0
    outer loop
      vertex -30.6955 -26.5307 18
      vertex -30.8278 -26.1611 0
      vertex -30.8278 -26.1611 18
    endloop
  endfacet
  facet normal 0.9415 0.337014 0
    outer loop
      vertex -30.8278 -26.1611 0
      vertex -30.6955 -26.5307 18
      vertex -30.6955 -26.5307 0
    endloop
  endfacet
  facet normal 0.904044 0.42744 0
    outer loop
      vertex -30.5277 -26.8856 18
      vertex -30.6955 -26.5307 0
      vertex -30.6955 -26.5307 18
    endloop
  endfacet
  facet normal 0.904044 0.42744 0
    outer loop
      vertex -30.6955 -26.5307 0
      vertex -30.5277 -26.8856 18
      vertex -30.5277 -26.8856 0
    endloop
  endfacet
  facet normal 0.85774 0.514084 0
    outer loop
      vertex -30.3259 -27.2223 18
      vertex -30.5277 -26.8856 0
      vertex -30.5277 -26.8856 18
    endloop
  endfacet
  facet normal 0.85774 0.514084 0
    outer loop
      vertex -30.5277 -26.8856 0
      vertex -30.3259 -27.2223 18
      vertex -30.3259 -27.2223 0
    endloop
  endfacet
  facet normal 0.803137 0.595794 0
    outer loop
      vertex -30.092 -27.5376 18
      vertex -30.3259 -27.2223 0
      vertex -30.3259 -27.2223 18
    endloop
  endfacet
  facet normal 0.803137 0.595794 0
    outer loop
      vertex -30.3259 -27.2223 0
      vertex -30.092 -27.5376 18
      vertex -30.092 -27.5376 0
    endloop
  endfacet
  facet normal 0.740908 0.671607 0
    outer loop
      vertex -29.8284 -27.8284 18
      vertex -30.092 -27.5376 0
      vertex -30.092 -27.5376 18
    endloop
  endfacet
  facet normal 0.740908 0.671607 0
    outer loop
      vertex -30.092 -27.5376 0
      vertex -29.8284 -27.8284 18
      vertex -29.8284 -27.8284 0
    endloop
  endfacet
  facet normal 0.671607 0.740908 -0
    outer loop
      vertex -29.5376 -28.092 0
      vertex -29.8284 -27.8284 18
      vertex -29.5376 -28.092 18
    endloop
  endfacet
  facet normal 0.671607 0.740908 0
    outer loop
      vertex -29.8284 -27.8284 18
      vertex -29.5376 -28.092 0
      vertex -29.8284 -27.8284 0
    endloop
  endfacet
  facet normal 0.595794 0.803137 -0
    outer loop
      vertex -29.2223 -28.3259 0
      vertex -29.5376 -28.092 18
      vertex -29.2223 -28.3259 18
    endloop
  endfacet
  facet normal 0.595794 0.803137 0
    outer loop
      vertex -29.5376 -28.092 18
      vertex -29.2223 -28.3259 0
      vertex -29.5376 -28.092 0
    endloop
  endfacet
  facet normal 0.514084 0.85774 -0
    outer loop
      vertex -28.8856 -28.5277 0
      vertex -29.2223 -28.3259 18
      vertex -28.8856 -28.5277 18
    endloop
  endfacet
  facet normal 0.514084 0.85774 0
    outer loop
      vertex -29.2223 -28.3259 18
      vertex -28.8856 -28.5277 0
      vertex -29.2223 -28.3259 0
    endloop
  endfacet
  facet normal 0.42744 0.904044 -0
    outer loop
      vertex -28.5307 -28.6955 0
      vertex -28.8856 -28.5277 18
      vertex -28.5307 -28.6955 18
    endloop
  endfacet
  facet normal 0.42744 0.904044 0
    outer loop
      vertex -28.8856 -28.5277 18
      vertex -28.5307 -28.6955 0
      vertex -28.8856 -28.5277 0
    endloop
  endfacet
  facet normal 0.337014 0.9415 -0
    outer loop
      vertex -28.1611 -28.8278 0
      vertex -28.5307 -28.6955 18
      vertex -28.1611 -28.8278 18
    endloop
  endfacet
  facet normal 0.337014 0.9415 0
    outer loop
      vertex -28.5307 -28.6955 18
      vertex -28.1611 -28.8278 0
      vertex -28.5307 -28.6955 0
    endloop
  endfacet
  facet normal 0.242835 0.970068 -0
    outer loop
      vertex -27.7804 -28.9231 0
      vertex -28.1611 -28.8278 18
      vertex -27.7804 -28.9231 18
    endloop
  endfacet
  facet normal 0.242835 0.970068 0
    outer loop
      vertex -28.1611 -28.8278 18
      vertex -27.7804 -28.9231 0
      vertex -28.1611 -28.8278 0
    endloop
  endfacet
  facet normal 0.146733 0.989176 -0
    outer loop
      vertex -27.3921 -28.9807 0
      vertex -27.7804 -28.9231 18
      vertex -27.3921 -28.9807 18
    endloop
  endfacet
  facet normal 0.146733 0.989176 0
    outer loop
      vertex -27.7804 -28.9231 18
      vertex -27.3921 -28.9807 0
      vertex -27.7804 -28.9231 0
    endloop
  endfacet
  facet normal 0.0491626 0.998791 -0
    outer loop
      vertex -27 -29 0
      vertex -27.3921 -28.9807 18
      vertex -27 -29 18
    endloop
  endfacet
  facet normal 0.0491626 0.998791 0
    outer loop
      vertex -27.3921 -28.9807 18
      vertex -27 -29 0
      vertex -27.3921 -28.9807 0
    endloop
  endfacet
  facet normal 0 1 0
    outer loop
      vertex 27 -29 18
      vertex 7 -29 15
      vertex -27 -29 18
    endloop
  endfacet
  facet normal 0 1 0
    outer loop
      vertex 27 -29 18
      vertex 7 -29 3
      vertex 7 -29 15
    endloop
  endfacet
  facet normal 0 1 0
    outer loop
      vertex 7 -29 3
      vertex 27 -29 0
      vertex -7 -29 3
    endloop
  endfacet
  facet normal 0 1 -0
    outer loop
      vertex 27 -29 0
      vertex 7 -29 3
      vertex 27 -29 18
    endloop
  endfacet
  facet normal 0 1 -0
    outer loop
      vertex -7 -29 15
      vertex -27 -29 18
      vertex 7 -29 15
    endloop
  endfacet
  facet normal 0 1 -0
    outer loop
      vertex -7 -29 3
      vertex -27 -29 18
      vertex -7 -29 15
    endloop
  endfacet
  facet normal 0 1 0
    outer loop
      vertex -7 -29 3
      vertex -27 -29 0
      vertex -27 -29 18
    endloop
  endfacet
  facet normal 0 1 0
    outer loop
      vertex -27 -29 0
      vertex -7 -29 3
      vertex 27 -29 0
    endloop
  endfacet
  facet normal -0.0491626 0.998791 0
    outer loop
      vertex 27.3921 -28.9807 0
      vertex 27 -29 18
      vertex 27.3921 -28.9807 18
    endloop
  endfacet
  facet normal -0.0491626 0.998791 0
    outer loop
      vertex 27 -29 18
      vertex 27.3921 -28.9807 0
      vertex 27 -29 0
    endloop
  endfacet
  facet normal -0.146733 0.989176 0
    outer loop
      vertex 27.7804 -28.9231 0
      vertex 27.3921 -28.9807 18
      vertex 27.7804 -28.9231 18
    endloop
  endfacet
  facet normal -0.146733 0.989176 0
    outer loop
      vertex 27.3921 -28.9807 18
      vertex 27.7804 -28.9231 0
      vertex 27.3921 -28.9807 0
    endloop
  endfacet
  facet normal -0.242835 0.970068 0
    outer loop
      vertex 28.1611 -28.8278 0
      vertex 27.7804 -28.9231 18
      vertex 28.1611 -28.8278 18
    endloop
  endfacet
  facet normal -0.242835 0.970068 0
    outer loop
      vertex 27.7804 -28.9231 18
      vertex 28.1611 -28.8278 0
      vertex 27.7804 -28.9231 0
    endloop
  endfacet
  facet normal -0.337014 0.9415 0
    outer loop
      vertex 28.5307 -28.6955 0
      vertex 28.1611 -28.8278 18
      vertex 28.5307 -28.6955 18
    endloop
  endfacet
  facet normal -0.337014 0.9415 0
    outer loop
      vertex 28.1611 -28.8278 18
      vertex 28.5307 -28.6955 0
      vertex 28.1611 -28.8278 0
    endloop
  endfacet
  facet normal -0.42744 0.904044 0
    outer loop
      vertex 28.8856 -28.5277 0
      vertex 28.5307 -28.6955 18
      vertex 28.8856 -28.5277 18
    endloop
  endfacet
  facet normal -0.42744 0.904044 0
    outer loop
      vertex 28.5307 -28.6955 18
      vertex 28.8856 -28.5277 0
      vertex 28.5307 -28.6955 0
    endloop
  endfacet
  facet normal -0.514084 0.85774 0
    outer loop
      vertex 29.2223 -28.3259 0
      vertex 28.8856 -28.5277 18
      vertex 29.2223 -28.3259 18
    endloop
  endfacet
  facet normal -0.514084 0.85774 0
    outer loop
      vertex 28.8856 -28.5277 18
      vertex 29.2223 -28.3259 0
      vertex 28.8856 -28.5277 0
    endloop
  endfacet
  facet normal -0.595794 0.803137 0
    outer loop
      vertex 29.5376 -28.092 0
      vertex 29.2223 -28.3259 18
      vertex 29.5376 -28.092 18
    endloop
  endfacet
  facet normal -0.595794 0.803137 0
    outer loop
      vertex 29.2223 -28.3259 18
      vertex 29.5376 -28.092 0
      vertex 29.2223 -28.3259 0
    endloop
  endfacet
  facet normal -0.671607 0.740908 0
    outer loop
      vertex 29.8284 -27.8284 0
      vertex 29.5376 -28.092 18
      vertex 29.8284 -27.8284 18
    endloop
  endfacet
  facet normal -0.671607 0.740908 0
    outer loop
      vertex 29.5376 -28.092 18
      vertex 29.8284 -27.8284 0
      vertex 29.5376 -28.092 0
    endloop
  endfacet
  facet normal -0.740908 0.671607 0
    outer loop
      vertex 29.8284 -27.8284 0
      vertex 30.092 -27.5376 18
      vertex 30.092 -27.5376 0
    endloop
  endfacet
  facet normal -0.740908 0.671607 0
    outer loop
      vertex 30.092 -27.5376 18
      vertex 29.8284 -27.8284 0
      vertex 29.8284 -27.8284 18
    endloop
  endfacet
  facet normal -0.803137 0.595794 0
    outer loop
      vertex 30.092 -27.5376 0
      vertex 30.3259 -27.2223 18
      vertex 30.3259 -27.2223 0
    endloop
  endfacet
  facet normal -0.803137 0.595794 0
    outer loop
      vertex 30.3259 -27.2223 18
      vertex 30.092 -27.5376 0
      vertex 30.092 -27.5376 18
    endloop
  endfacet
  facet normal -0.85774 0.514084 0
    outer loop
      vertex 30.3259 -27.2223 0
      vertex 30.5277 -26.8856 18
      vertex 30.5277 -26.8856 0
    endloop
  endfacet
  facet normal -0.85774 0.514084 0
    outer loop
      vertex 30.5277 -26.8856 18
      vertex 30.3259 -27.2223 0
      vertex 30.3259 -27.2223 18
    endloop
  endfacet
  facet normal -0.904044 0.42744 0
    outer loop
      vertex 30.5277 -26.8856 0
      vertex 30.6955 -26.5307 18
      vertex 30.6955 -26.5307 0
    endloop
  endfacet
  facet normal -0.904044 0.42744 0
    outer loop
      vertex 30.6955 -26.5307 18
      vertex 30.5277 -26.8856 0
      vertex 30.5277 -26.8856 18
    endloop
  endfacet
  facet normal -0.9415 0.337014 0
    outer loop
      vertex 30.6955 -26.5307 0
      vertex 30.8278 -26.1611 18
      vertex 30.8278 -26.1611 0
    endloop
  endfacet
  facet normal -0.9415 0.337014 0
    outer loop
      vertex 30.8278 -26.1611 18
      vertex 30.6955 -26.5307 0
      vertex 30.6955 -26.5307 18
    endloop
  endfacet
  facet normal -0.970068 0.242835 0
    outer loop
      vertex 30.8278 -26.1611 0
      vertex 30.9231 -25.7804 18
      vertex 30.9231 -25.7804 0
    endloop
  endfacet
  facet normal -0.970068 0.242835 0
    outer loop
      vertex 30.9231 -25.7804 18
      vertex 30.8278 -26.1611 0
      vertex 30.8278 -26.1611 18
    endloop
  endfacet
  facet normal -0.989176 0.146733 0
    outer loop
      vertex 30.9231 -25.7804 0
      vertex 30.9807 -25.3921 18
      vertex 30.9807 -25.3921 0
    endloop
  endfacet
  facet normal -0.989176 0.146733 0
    outer loop
      vertex 30.9807 -25.3921 18
      vertex 30.9231 -25.7804 0
      vertex 30.9231 -25.7804 18
    endloop
  endfacet
  facet normal -0.998791 0.0491626 0
    outer loop
      vertex 30.9807 -25.3921 0
      vertex 31 -25 18
      vertex 31 -25 0
    endloop
  endfacet
  facet normal -0.998791 0.0491626 0
    outer loop
      vertex 31 -25 18
      vertex 30.9807 -25.3921 0
      vertex 30.9807 -25.3921 18
    endloop
  endfacet
  facet normal -1 0 0
    outer loop
      vertex 31 15 0
      vertex 31 14 3
      vertex 31 15 18
    endloop
  endfacet
  facet normal -1 0 0
    outer loop
      vertex 31 15 0
      vertex 31 11 3
      vertex 31 14 3
    endloop
  endfacet
  facet normal -1 0 0
    outer loop
      vertex 31 11 3
      vertex 31 2 3
      vertex 31 11 15
    endloop
  endfacet
  facet normal -1 0 0
    outer loop
      vertex 31 15 0
      vertex 31 2 3
      vertex 31 11 3
    endloop
  endfacet
  facet normal -1 0 0
    outer loop
      vertex 31 15 0
      vertex 31 -12 3
      vertex 31 2 3
    endloop
  endfacet
  facet normal -1 -0 0
    outer loop
      vertex 31 -12 3
      vertex 31 -25 0
      vertex 31 -12 15
    endloop
  endfacet
  facet normal -1 0 0
    outer loop
      vertex 31 -25 0
      vertex 31 -12 3
      vertex 31 15 0
    endloop
  endfacet
  facet normal -1 0 0
    outer loop
      vertex 31 14 15
      vertex 31 15 18
      vertex 31 14 3
    endloop
  endfacet
  facet normal -1 0 0
    outer loop
      vertex 31 11 15
      vertex 31 15 18
      vertex 31 14 15
    endloop
  endfacet
  facet normal -1 0 0
    outer loop
      vertex 31 2 15
      vertex 31 11 15
      vertex 31 2 3
    endloop
  endfacet
  facet normal -1 0 0
    outer loop
      vertex 31 2 15
      vertex 31 15 18
      vertex 31 11 15
    endloop
  endfacet
  facet normal -1 0 0
    outer loop
      vertex 31 -12 15
      vertex 31 15 18
      vertex 31 2 15
    endloop
  endfacet
  facet normal -1 0 0
    outer loop
      vertex 31 -12 15
      vertex 31 -25 18
      vertex 31 15 18
    endloop
  endfacet
  facet normal -1 0 0
    outer loop
      vertex 31 -25 18
      vertex 31 -12 15
      vertex 31 -25 0
    endloop
  endfacet
  facet normal -0.998791 -0.0491626 0
    outer loop
      vertex 31 15 0
      vertex 30.9807 15.3921 18
      vertex 30.9807 15.3921 0
    endloop
  endfacet
  facet normal -0.998791 -0.0491626 0
    outer loop
      vertex 30.9807 15.3921 18
      vertex 31 15 0
      vertex 31 15 18
    endloop
  endfacet
  facet normal -0.989176 -0.146733 0
    outer loop
      vertex 30.9807 15.3921 0
      vertex 30.9231 15.7804 18
      vertex 30.9231 15.7804 0
    endloop
  endfacet
  facet normal -0.989176 -0.146733 0
    outer loop
      vertex 30.9231 15.7804 18
      vertex 30.9807 15.3921 0
      vertex 30.9807 15.3921 18
    endloop
  endfacet
  facet normal -0.970068 -0.242835 0
    outer loop
      vertex 30.9231 15.7804 0
      vertex 30.8278 16.1611 18
      vertex 30.8278 16.1611 0
    endloop
  endfacet
  facet normal -0.970068 -0.242835 0
    outer loop
      vertex 30.8278 16.1611 18
      vertex 30.9231 15.7804 0
      vertex 30.9231 15.7804 18
    endloop
  endfacet
  facet normal -0.9415 -0.337014 0
    outer loop
      vertex 30.8278 16.1611 0
      vertex 30.6955 16.5307 18
      vertex 30.6955 16.5307 0
    endloop
  endfacet
  facet normal -0.9415 -0.337014 0
    outer loop
      vertex 30.6955 16.5307 18
      vertex 30.8278 16.1611 0
      vertex 30.8278 16.1611 18
    endloop
  endfacet
  facet normal -0.904044 -0.42744 0
    outer loop
      vertex 30.6955 16.5307 0
      vertex 30.5277 16.8856 18
      vertex 30.5277 16.8856 0
    endloop
  endfacet
  facet normal -0.904044 -0.42744 0
    outer loop
      vertex 30.5277 16.8856 18
      vertex 30.6955 16.5307 0
      vertex 30.6955 16.5307 18
    endloop
  endfacet
  facet normal -0.85774 -0.514084 0
    outer loop
      vertex 30.5277 16.8856 0
      vertex 30.3259 17.2223 18
      vertex 30.3259 17.2223 0
    endloop
  endfacet
  facet normal -0.85774 -0.514084 0
    outer loop
      vertex 30.3259 17.2223 18
      vertex 30.5277 16.8856 0
      vertex 30.5277 16.8856 18
    endloop
  endfacet
  facet normal -0.803137 -0.595794 0
    outer loop
      vertex 30.3259 17.2223 0
      vertex 30.092 17.5376 18
      vertex 30.092 17.5376 0
    endloop
  endfacet
  facet normal -0.803137 -0.595794 0
    outer loop
      vertex 30.092 17.5376 18
      vertex 30.3259 17.2223 0
      vertex 30.3259 17.2223 18
    endloop
  endfacet
  facet normal -0.740908 -0.671607 0
    outer loop
      vertex 30.092 17.5376 0
      vertex 29.8284 17.8284 18
      vertex 29.8284 17.8284 0
    endloop
  endfacet
  facet normal -0.740908 -0.671607 0
    outer loop
      vertex 29.8284 17.8284 18
      vertex 30.092 17.5376 0
      vertex 30.092 17.5376 18
    endloop
  endfacet
  facet normal -0.671607 -0.740908 0
    outer loop
      vertex 29.5376 18.092 0
      vertex 29.8284 17.8284 18
      vertex 29.5376 18.092 18
    endloop
  endfacet
  facet normal -0.671607 -0.740908 -0
    outer loop
      vertex 29.8284 17.8284 18
      vertex 29.5376 18.092 0
      vertex 29.8284 17.8284 0
    endloop
  endfacet
  facet normal -0.595794 -0.803137 0
    outer loop
      vertex 29.2223 18.3259 0
      vertex 29.5376 18.092 18
      vertex 29.2223 18.3259 18
    endloop
  endfacet
  facet normal -0.595794 -0.803137 -0
    outer loop
      vertex 29.5376 18.092 18
      vertex 29.2223 18.3259 0
      vertex 29.5376 18.092 0
    endloop
  endfacet
  facet normal -0.514084 -0.85774 0
    outer loop
      vertex 28.8856 18.5277 0
      vertex 29.2223 18.3259 18
      vertex 28.8856 18.5277 18
    endloop
  endfacet
  facet normal -0.514084 -0.85774 -0
    outer loop
      vertex 29.2223 18.3259 18
      vertex 28.8856 18.5277 0
      vertex 29.2223 18.3259 0
    endloop
  endfacet
  facet normal -0.42744 -0.904044 0
    outer loop
      vertex 28.5307 18.6955 0
      vertex 28.8856 18.5277 18
      vertex 28.5307 18.6955 18
    endloop
  endfacet
  facet normal -0.42744 -0.904044 -0
    outer loop
      vertex 28.8856 18.5277 18
      vertex 28.5307 18.6955 0
      vertex 28.8856 18.5277 0
    endloop
  endfacet
  facet normal -0.337014 -0.9415 0
    outer loop
      vertex 28.1611 18.8278 0
      vertex 28.5307 18.6955 18
      vertex 28.1611 18.8278 18
    endloop
  endfacet
  facet normal -0.337014 -0.9415 -0
    outer loop
      vertex 28.5307 18.6955 18
      vertex 28.1611 18.8278 0
      vertex 28.5307 18.6955 0
    endloop
  endfacet
  facet normal -0.242835 -0.970068 0
    outer loop
      vertex 27.7804 18.9231 0
      vertex 28.1611 18.8278 18
      vertex 27.7804 18.9231 18
    endloop
  endfacet
  facet normal -0.242835 -0.970068 -0
    outer loop
      vertex 28.1611 18.8278 18
      vertex 27.7804 18.9231 0
      vertex 28.1611 18.8278 0
    endloop
  endfacet
  facet normal -0.146733 -0.989176 0
    outer loop
      vertex 27.3921 18.9807 0
      vertex 27.7804 18.9231 18
      vertex 27.3921 18.9807 18
    endloop
  endfacet
  facet normal -0.146733 -0.989176 -0
    outer loop
      vertex 27.7804 18.9231 18
      vertex 27.3921 18.9807 0
      vertex 27.7804 18.9231 0
    endloop
  endfacet
  facet normal -0.0491626 -0.998791 0
    outer loop
      vertex 27 19 0
      vertex 27.3921 18.9807 18
      vertex 27 19 18
    endloop
  endfacet
  facet normal -0.0491626 -0.998791 -0
    outer loop
      vertex 27.3921 18.9807 18
      vertex 27 19 0
      vertex 27.3921 18.9807 0
    endloop
  endfacet
  facet normal 0 -1 0
    outer loop
      vertex -27 19 0
      vertex -23.8 19 18
      vertex -27 19 18
    endloop
  endfacet
  facet normal 0 -1 -0
    outer loop
      vertex -23.8 19 18
      vertex -27 19 0
      vertex -23.8 19 0
    endloop
  endfacet
  facet normal 0 -1 0
    outer loop
      vertex 23.8 19 0
      vertex 27 19 18
      vertex 23.8 19 18
    endloop
  endfacet
  facet normal 0 -1 -0
    outer loop
      vertex 27 19 18
      vertex 23.8 19 0
      vertex 27 19 0
    endloop
  endfacet
  facet normal -0 0 1
    outer loop
      vertex -31.01 2 3
      vertex -31 -12 3
      vertex -31 2 3
    endloop
  endfacet
  facet normal 0 0 1
    outer loop
      vertex -31 -12 3
      vertex -31.01 2 3
      vertex -31.01 -12 3
    endloop
  endfacet
  facet normal 0 0 -1
    outer loop
      vertex -31.01 -12 15
      vertex -31 2 15
      vertex -31 -12 15
    endloop
  endfacet
  facet normal -0 0 -1
    outer loop
      vertex -31 2 15
      vertex -31.01 -12 15
      vertex -31.01 2 15
    endloop
  endfacet
  facet normal 1 -0 0
    outer loop
      vertex -31.01 -12 15
      vertex -31.01 2 3
      vertex -31.01 2 15
    endloop
  endfacet
  facet normal 1 0 0
    outer loop
      vertex -31.01 2 3
      vertex -31.01 -12 15
      vertex -31.01 -12 3
    endloop
  endfacet
  facet normal 0 1 -0
    outer loop
      vertex -31 -12 3
      vertex -31.01 -12 15
      vertex -31 -12 15
    endloop
  endfacet
  facet normal 0 1 0
    outer loop
      vertex -31.01 -12 15
      vertex -31 -12 3
      vertex -31.01 -12 3
    endloop
  endfacet
  facet normal 0 -1 0
    outer loop
      vertex -31.01 2 3
      vertex -31 2 15
      vertex -31.01 2 15
    endloop
  endfacet
  facet normal 0 -1 -0
    outer loop
      vertex -31 2 15
      vertex -31.01 2 3
      vertex -31 2 3
    endloop
  endfacet
  facet normal -1 0 0
    outer loop
      vertex 31.01 -12 3
      vertex 31.01 2 15
      vertex 31.01 2 3
    endloop
  endfacet
  facet normal -1 -0 0
    outer loop
      vertex 31.01 2 15
      vertex 31.01 -12 3
      vertex 31.01 -12 15
    endloop
  endfacet
  facet normal -0 0 1
    outer loop
      vertex 31 2 3
      vertex 31.01 -12 3
      vertex 31.01 2 3
    endloop
  endfacet
  facet normal 0 0 1
    outer loop
      vertex 31.01 -12 3
      vertex 31 2 3
      vertex 31 -12 3
    endloop
  endfacet
  facet normal 0 0 -1
    outer loop
      vertex 31 -12 15
      vertex 31.01 2 15
      vertex 31.01 -12 15
    endloop
  endfacet
  facet normal -0 0 -1
    outer loop
      vertex 31.01 2 15
      vertex 31 -12 15
      vertex 31 2 15
    endloop
  endfacet
  facet normal 0 1 -0
    outer loop
      vertex 31.01 -12 3
      vertex 31 -12 15
      vertex 31.01 -12 15
    endloop
  endfacet
  facet normal 0 1 0
    outer loop
      vertex 31 -12 15
      vertex 31.01 -12 3
      vertex 31 -12 3
    endloop
  endfacet
  facet normal 0 -1 0
    outer loop
      vertex 31 2 3
      vertex 31.01 2 15
      vertex 31 2 15
    endloop
  endfacet
  facet normal 0 -1 -0
    outer loop
      vertex 31.01 2 15
      vertex 31 2 3
      vertex 31.01 2 3
    endloop
  endfacet
  facet normal -1 0 0
    outer loop
      vertex 7 -29.01 3
      vertex 7 -29 15
      vertex 7 -29 3
    endloop
  endfacet
  facet normal -1 -0 0
    outer loop
      vertex 7 -29 15
      vertex 7 -29.01 3
      vertex 7 -29.01 15
    endloop
  endfacet
  facet normal -0 0 1
    outer loop
      vertex -7 -29 3
      vertex 7 -29.01 3
      vertex 7 -29 3
    endloop
  endfacet
  facet normal 0 0 1
    outer loop
      vertex 7 -29.01 3
      vertex -7 -29 3
      vertex -7 -29.01 3
    endloop
  endfacet
  facet normal 0 0 -1
    outer loop
      vertex -7 -29.01 15
      vertex 7 -29 15
      vertex 7 -29.01 15
    endloop
  endfacet
  facet normal -0 0 -1
    outer loop
      vertex 7 -29 15
      vertex -7 -29.01 15
      vertex -7 -29 15
    endloop
  endfacet
  facet normal 1 -0 0
    outer loop
      vertex -7 -29.01 15
      vertex -7 -29 3
      vertex -7 -29 15
    endloop
  endfacet
  facet normal 1 0 0
    outer loop
      vertex -7 -29 3
      vertex -7 -29.01 15
      vertex -7 -29.01 3
    endloop
  endfacet
  facet normal 0 1 -0
    outer loop
      vertex 7 -29.01 3
      vertex -7 -29.01 15
      vertex 7 -29.01 15
    endloop
  endfacet
  facet normal 0 1 0
    outer loop
      vertex -7 -29.01 15
      vertex 7 -29.01 3
      vertex -7 -29.01 3
    endloop
  endfacet
  facet normal -1 0 0
    outer loop
      vertex -32.41 -25 0
      vertex -32.41 -18 18
      vertex -32.41 -18 0
    endloop
  endfacet
  facet normal -1 -0 0
    outer loop
      vertex -32.41 -18 18
      vertex -32.41 -25 0
      vertex -32.41 -25 18
    endloop
  endfacet
  facet normal 0 1 -0
    outer loop
      vertex -32.41 -25 0
      vertex -34.2 -25 18
      vertex -32.41 -25 18
    endloop
  endfacet
  facet normal 0 1 0
    outer loop
      vertex -34.2 -25 18
      vertex -32.41 -25 0
      vertex -34.2 -25 0
    endloop
  endfacet
  facet normal 0 -1 0
    outer loop
      vertex -34.2 -18 0
      vertex -32.41 -18 18
      vertex -34.2 -18 18
    endloop
  endfacet
  facet normal 0 -1 -0
    outer loop
      vertex -32.41 -18 18
      vertex -34.2 -18 0
      vertex -32.41 -18 0
    endloop
  endfacet
  facet normal 1 -0 0
    outer loop
      vertex 32.41 -25 18
      vertex 32.41 -18 0
      vertex 32.41 -18 18
    endloop
  endfacet
  facet normal 1 0 0
    outer loop
      vertex 32.41 -18 0
      vertex 32.41 -25 18
      vertex 32.41 -25 0
    endloop
  endfacet
  facet normal 0 1 -0
    outer loop
      vertex 34.2 -25 0
      vertex 32.41 -25 18
      vertex 34.2 -25 18
    endloop
  endfacet
  facet normal 0 1 0
    outer loop
      vertex 32.41 -25 18
      vertex 34.2 -25 0
      vertex 32.41 -25 0
    endloop
  endfacet
  facet normal 0 -1 0
    outer loop
      vertex 32.41 -18 0
      vertex 34.2 -18 18
      vertex 32.41 -18 18
    endloop
  endfacet
  facet normal 0 -1 -0
    outer loop
      vertex 34.2 -18 18
      vertex 32.41 -18 0
      vertex 34.2 -18 0
    endloop
  endfacet
  facet normal -0 0 1
    outer loop
      vertex -34.2 14 3
      vertex -31 11 3
      vertex -31 14 3
    endloop
  endfacet
  facet normal 0 0 1
    outer loop
      vertex -31 11 3
      vertex -34.2 14 3
      vertex -34.2 11 3
    endloop
  endfacet
  facet normal 0 0 -1
    outer loop
      vertex -34.2 11 15
      vertex -31 14 15
      vertex -31 11 15
    endloop
  endfacet
  facet normal -0 0 -1
    outer loop
      vertex -31 14 15
      vertex -34.2 11 15
      vertex -34.2 14 15
    endloop
  endfacet
  facet normal 0 1 -0
    outer loop
      vertex -31 11 3
      vertex -34.2 11 15
      vertex -31 11 15
    endloop
  endfacet
  facet normal 0 1 0
    outer loop
      vertex -34.2 11 15
      vertex -31 11 3
      vertex -34.2 11 3
    endloop
  endfacet
  facet normal 0 -1 0
    outer loop
      vertex -34.2 14 3
      vertex -31 14 15
      vertex -34.2 14 15
    endloop
  endfacet
  facet normal 0 -1 -0
    outer loop
      vertex -31 14 15
      vertex -34.2 14 3
      vertex -31 14 3
    endloop
  endfacet
  facet normal -0 0 1
    outer loop
      vertex 31 14 3
      vertex 34.2 11 3
      vertex 34.2 14 3
    endloop
  endfacet
  facet normal 0 0 1
    outer loop
      vertex 34.2 11 3
      vertex 31 14 3
      vertex 31 11 3
    endloop
  endfacet
  facet normal 0 0 -1
    outer loop
      vertex 31 11 15
      vertex 34.2 14 15
      vertex 34.2 11 15
    endloop
  endfacet
  facet normal -0 0 -1
    outer loop
      vertex 34.2 14 15
      vertex 31 11 15
      vertex 31 14 15
    endloop
  endfacet
  facet normal 0 1 -0
    outer loop
      vertex 34.2 11 3
      vertex 31 11 15
      vertex 34.2 11 15
    endloop
  endfacet
  facet normal 0 1 0
    outer loop
      vertex 31 11 15
      vertex 34.2 11 3
      vertex 31 11 3
    endloop
  endfacet
  facet normal 0 -1 0
    outer loop
      vertex 31 14 3
      vertex 34.2 14 15
      vertex 31 14 15
    endloop
  endfacet
  facet normal 0 -1 -0
    outer loop
      vertex 34.2 14 15
      vertex 31 14 3
      vertex 34.2 14 3
    endloop
  endfacet
  facet normal -1 0 0
    outer loop
      vertex 23.8 19 0
      vertex 23.8 22.2 18
      vertex 23.8 22.2 0
    endloop
  endfacet
  facet normal -1 -0 0
    outer loop
      vertex 23.8 22.2 18
      vertex 23.8 19 0
      vertex 23.8 19 18
    endloop
  endfacet
  facet normal 1 -0 0
    outer loop
      vertex -23.8 19 18
      vertex -23.8 22.2 0
      vertex -23.8 22.2 18
    endloop
  endfacet
  facet normal 1 0 0
    outer loop
      vertex -23.8 22.2 0
      vertex -23.8 19 18
      vertex -23.8 19 0
    endloop
  endfacet
endsolid OpenSCAD_Model
